event;time;logic;side;basket;leg;price;bid;ask;spread_pts;mom3_pts;mom11_pts;mom20_pts;mom_m15c2_pts;prev_bar_open;prev_bar_high;prev_bar_low;prev_bar_close;high5;low5;high15;low15;high60;low60;sec_since_prev_entry;sec_since_prev_close;prev_leg_price;prev_leg_time;sec_since_prev_leg;lot_ratio;adv_now_pts;adv_max_pts;adv_max_time;high_since_prev;low_since_prev;bounce_pts;cond_met_time;wait_sec;legs;total_lots;avg_price;close_price;close_pts;profit_yen;sec_since_last_leg;sec_since_first_leg;mfe_pts;mfe_time;sec_mfe_to_close;mae_pts;reach100_time;min_fav_after_reach100;last_bid;fav_now_pts;gap
ENTRY;2026.09.22 10:36:01;b;buy;1;0;4312.56;4312.27;4312.81;54;188;-950;-986;-800;4311.32;4313.74;4310.18;4312.14;4313.96;4308.74;4323.69;4308.74;4324.06;4308.74;;;;;;;;;;;;;;;;;;;;;;;;;;;;;;;
BASKET_CLOSE;2026.09.22 10:36:16;b;buy;1;;;;;;;;;;;;;;;;;;;;;;;;;;;;;;;;;;1;0.1;4312.56;4313.24;68;11;15;15;132;2026.09.22 10:36:00;16;58;2026.09.22 10:36:00;-58;;;
ENTRY;2026.09.22 10:40:01;b;sell;2;0;4312.68;4312.87;4313.41;54;2;-230;-971;-740;4312.57;4313.21;4311.63;4312.79;4314.04;4310.18;4322.56;4308.74;4324.06;4308.74;;;;;;;;;;;;;;;;;;;;;;;;;;;;;;;
BASKET_CLOSE;2026.09.22 10:40:51;b;sell;2;;;;;;;;;;;;;;;;;;;;;;;;;;;;;;;;;;1;0.1;4312.68;4312.14;54;9;50;50;69;2026.09.22 10:40:00;51;99;;;;;
ENTRY;2026.09.22 10:45:01;c;buy;3;0;4311.58;4311.16;4311.69;53;64;-15;-1061;-401;4309.44;4311.09;4308.63;4310.73;4313.13;4308.63;4315.5;4308.63;4324.06;4308.63;;;;;;;;;;;;;;;;;;;;;;;;;;;;;;;
BASKET_CLOSE;2026.09.22 10:46:00;c;buy;3;;;;;;;;;;;;;;;;;;;;;;;;;;;;;;;;;;1;0.1;4311.58;;;;59;59;;;;;;;;;close_not_logged
ENTRY;2026.09.22 10:46:00;b;buy;4;0;4311.74;4311.2;4311.74;54;178;-94;-915;-397;4310.72;4312.17;4310.52;4311.21;4313.01;4308.63;4314.04;4308.63;4324.06;4308.63;599;584;;;;;;;;;;;;;;;;;;;;;;;;;;;;;
BASKET_CLOSE;2026.09.22 10:47:00;b;buy;4;;;;;;;;;;;;;;;;;;;;;;;;;;;;;;;;;;1;0.1;4311.74;;;;60;60;;;;;;;;;close_not_logged
ENTRY;2026.09.22 10:48:00;c;sell;5;0;4313.66;4313.66;4314.2;54;245;81;-449;-151;4315.39;4315.61;4313.7;4313.84;4315.66;4308.63;4315.66;4308.63;4324.06;4308.63;;;;;;;;;;;;;;;;;;;;;;;;;;;;;;;
BASKET_CLOSE;2026.09.22 10:48:43;c;sell;5;;;;;;;;;;;;;;;;;;;;;;;;;;;;;;;;;;1;0.1;4313.66;4312.98;68;11;43;43;186;2026.09.22 10:48:00;43;65;2026.09.22 10:48:00;-65;;;
ENTRY;2026.09.22 10:50:01;b;sell;6;0;4308.97;4309.01;4309.55;54;-483;-378;-316;-616;4312.32;4313.6;4309;4309.09;4315.66;4309;4315.66;4308.63;4324.06;4308.63;600;550;;;;;;;;;;;;;;;;;;;;;;;;;;;;;
BASKET_CLOSE;2026.09.22 10:50:22;b;sell;6;;;;;;;;;;;;;;;;;;;;;;;;;;;;;;;;;;1;0.1;4308.97;4308.42;55;9;21;21;115;2026.09.22 10:50:00;22;88;2026.09.22 10:50:00;-88;;;
ENTRY;2026.09.22 11:01:00;b;buy;7;0;4300.82;4300.33;4300.86;53;7;-727;-1086;-1040;4300.76;4301.15;4299.43;4300.25;4303.76;4299.43;4315.66;4299.43;4324.06;4299.43;900;840;;;;;;;;;;;;;;;;;;;;;;;;;;;;;
BASKET_CLOSE;2026.09.22 11:01:49;b;buy;7;;;;;;;;;;;;;;;;;;;;;;;;;;;;;;;;;;1;0.1;4300.82;4301.6;78;12;49;49;273;2026.09.22 11:01:00;49;172;2026.09.22 11:01:00;-172;;;
ENTRY;2026.09.22 11:07:00;c;buy;8;0;4306.72;4306.4;4306.94;54;127;567;-744;-433;4306.42;4307.22;4305.43;4306.27;4307.22;4301.41;4307.22;4299.1;4324.06;4299.1;1319;1260;;;;;;;;;;;;;;;;;;;;;;;;;;;;;
BASKET_CLOSE;2026.09.22 11:07:56;c;buy;8;;;;;;;;;;;;;;;;;;;;;;;;;;;;;;;;;;1;0.1;4306.72;4308.07;135;21;56;56;144;2026.09.22 11:07:00;56;204;2026.09.22 11:07:00;-204;;;
ENTRY;2026.09.22 11:13:00;b;sell;9;0;4309.11;4309.21;4309.75;54;-55;555;770;-152;4309.34;4310.57;4308.95;4309.11;4311.86;4307.79;4311.86;4299.1;4324.06;4299.1;1379;1358;;;;;;;;;;;;;;;;;;;;;;;;;;;;;
BASKET_CLOSE;2026.09.22 11:13:55;b;sell;9;;;;;;;;;;;;;;;;;;;;;;;;;;;;;;;;;;1;0.1;4309.11;4307.99;112;18;55;55;113;2026.09.22 11:13:00;55;200;2026.09.22 11:13:00;-200;;;
ENTRY;2026.09.22 11:19:00;b;buy;10;0;4303.13;4302.59;4303.13;54;82;-698;169;169;4302.2;4303.86;4302.1;4302.72;4308.21;4300.67;4311.86;4300.67;4324.06;4299.1;1080;1031;;;;;;;;;;;;;;;;;;;;;;;;;;;;;
ENTRY;2026.09.22 11:19:01;c;sell;11;0;4302.59;4303.09;4303.62;53;132;-648;219;219;4302.2;4303.86;4302.1;4302.72;4308.21;4300.67;4311.86;4300.67;4324.06;4299.1;1861;1818;;;;;;;;;;;;;;;;;;;;;;;;;;;;;
BASKET_CLOSE;2026.09.22 11:19:24;b;buy;10;;;;;;;;;;;;;;;;;;;;;;;;;;;;;;;;;;1;0.1;4303.13;4303.78;65;10;24;24;114;2026.09.22 11:19:00;24;54;2026.09.22 11:19:00;-54;;;
BASKET_CLOSE;2026.09.22 11:23:14;c;sell;11;;;;;;;;;;;;;;;;;;;;;;;;;;;;;;;;;;1;0.1;4302.59;4301.93;66;10;253;253;136;2026.09.22 11:23:00;14;304;2026.09.22 11:23:00;-58;;;
ENTRY;2026.09.22 11:24:00;b;sell;12;0;4302.5;4302.71;4303.25;54;-166;-515;-242;181;4302.64;4302.64;4300.7;4302.41;4305.1;4300.7;4311.15;4300.67;4322.84;4299.1;660;605;;;;;;;;;;;;;;;;;;;;;;;;;;;;;
BASKET_CLOSE;2026.09.22 11:25:57;b;sell;12;;;;;;;;;;;;;;;;;;;;;;;;;;;;;;;;;;1;0.1;4302.5;4301.54;96;15;117;117;154;2026.09.22 11:25:00;57;528;2026.09.22 11:25:00;-528;;;
ENTRY;2026.09.22 11:29:00;c;buy;13;0;4300.25;4299.63;4300.17;54;-351;-309;-1119;-127;4302.69;4303.03;4299.53;4299.53;4307.24;4299.53;4308.21;4299.53;4318.65;4299.1;1320;1264;;;;;;;;;;;;;;;;;;;;;;;;;;;;;
BASKET_CLOSE;2026.09.22 11:29:42;c;buy;13;;;;;;;;;;;;;;;;;;;;;;;;;;;;;;;;;;1;0.1;4300.25;4301.18;93;15;42;42;132;2026.09.22 11:29:00;42;253;2026.09.22 11:29:00;-253;;;
ENTRY;2026.09.22 11:30:00;c;sell;14;0;4301.03;4301.03;4301.57;54;-170;-286;-873;-246;4299.62;4301.57;4297.72;4300.84;4307.24;4297.72;4307.24;4297.72;4315.66;4297.72;659;406;;;;;;;;;;;;;;;;;;;;;;;;;;;;;
BASKET_CLOSE;2026.09.22 11:30:31;c;sell;14;;;;;;;;;;;;;;;;;;;;;;;;;;;;;;;;;;1;0.1;4301.03;4300.34;69;11;31;31;266;2026.09.22 11:30:00;31;54;2026.09.22 11:30:00;-54;;;
ENTRY;2026.09.22 11:36:00;b;buy;15;0;4300.67;4300.09;4300.62;53;653;-55;-168;-340;4297.2;4300.46;4297.02;4300.34;4300.46;4291.36;4307.24;4291.36;4315.66;4291.36;1020;996;;;;;;;;;;;;;;;;;;;;;;;;;;;;;
BASKET_CLOSE;2026.09.22 11:36:22;b;buy;15;;;;;;;;;;;;;;;;;;;;;;;;;;;;;;;;;;1;0.1;4300.67;4301.51;84;13;22;22;432;2026.09.22 11:36:00;22;65;2026.09.22 11:36:00;-65;;;
ENTRY;2026.09.22 11:41:01;c;buy;16;0;4311.59;4310.76;4311.31;55;486;1293;639;727;4310.33;4311.42;4308.36;4311.07;4311.42;4300.02;4311.42;4291.36;4315.66;4291.36;721;679;;;;;;;;;;;;;;;;;;;;;;;;;;;;;
BASKET_CLOSE;2026.09.22 11:41:11;c;buy;16;;;;;;;;;;;;;;;;;;;;;;;;;;;;;;;;;;1;0.1;4311.59;4312.84;125;20;10;10;689;2026.09.22 11:41:00;11;134;2026.09.22 11:41:00;-134;;;
ENTRY;2026.09.22 11:46:01;b;sell;17;0;4316.81;4316.83;4317.38;55;-326;1649;1369;1599;4320.12;4320.25;4315.54;4316.81;4321.49;4310.25;4321.49;4291.36;4321.49;4291.36;1321;1204;;;;;;;;;;;;;;;;;;;;;;;;;;;;;
BASKET_CLOSE;2026.09.22 11:46:28;b;sell;17;;;;;;;;;;;;;;;;;;;;;;;;;;;;;;;;;;1;0.1;4316.81;4316.44;37;6;27;27;68;2026.09.22 11:46:00;28;170;;;;;
ENTRY;2026.09.22 11:49:00;b;buy;18;0;4320.27;4319.45;4319.99;54;312;1355;1861;1861;4318.79;4322.25;4318.51;4319.79;4322.25;4315.54;4322.25;4293.17;4322.25;4291.36;780;758;;;;;;;;;;;;;;;;;;;;;;;;;;;;;
BASKET_CLOSE;2026.09.22 11:49:12;b;buy;18;;;;;;;;;;;;;;;;;;;;;;;;;;;;;;;;;;1;0.1;4320.27;4320.77;50;8;12;12;469;2026.09.22 11:49:00;12;122;2026.09.22 11:49:00;-122;;;
ENTRY;2026.09.22 11:56:49;a;buy;19;0;4335.55;4335;4335.55;55;299;1819;3023;3416;4331.36;4332.96;4330.27;4331.5;4333.75;4326.74;4333.75;4310.25;4333.75;4291.36;;;;;;;;;;;;;;;;;;;;;;;;;;;;;;;
NANPIN;2026.09.22 12:03:50;a;buy;19;1;4322.9;4322.37;4322.91;54;;;;;;;;;;;;;;;;;4335.55;2026.09.22 11:56:49;421;1.5;1265;1309;2026.09.22 12:03:00;4335.22;4321.91;44;2026.09.22 12:03:49;1;;;;;;;;;;;;;;;;;
ENTRY;2026.09.22 12:04:00;c;sell;20;0;4321.98;4321.87;4322.41;54;-340;-1014;195;195;4323.3;4323.83;4321.91;4322.12;4331;4321.91;4335.22;4319.05;4335.22;4291.36;2040;2009;;;;;;;;;;;;;;;;;;;;;;;;;;;;;
BASKET_CLOSE;2026.09.22 12:04:15;c;sell;20;;;;;;;;;;;;;;;;;;;;;;;;;;;;;;;;;;1;0.1;4321.98;4321.3;68;11;15;15;357;2026.09.22 12:04:00;15;54;2026.09.22 12:04:00;-54;;;
ENTRY;2026.09.22 12:08:00;b;buy;21;0;4321.94;4321.4;4321.94;54;310;-1067;161;148;4322.33;4322.33;4319.78;4321.18;4323.83;4317.7;4335.22;4317.7;4335.22;4291.36;1140;1128;;;;;;;;;;;;;;;;;;;;;;;;;;;;;
ENTRY;2026.09.22 12:10:00;b;sell;22;0;4318.72;4318.72;4319.26;54;-246;-1090;-823;-120;4319.15;4322.27;4318.16;4319.38;4322.85;4317.7;4335.22;4317.7;4335.22;4291.36;1439;1412;;;;;;;;;;;;;;;;;;;;;;;;;;;;;
BASKET_CLOSE;2026.09.22 12:10:14;b;sell;22;;;;;;;;;;;;;;;;;;;;;;;;;;;;;;;;;;1;0.1;4318.72;4318.08;64;10;14;14;91;2026.09.22 12:10:00;14;119;;;;;
NANPIN;2026.09.22 12:10:52;a;buy;19;2;4318.87;4318.22;4318.76;54;;;;;;;;;;;;;;;;;4322.9;2026.09.22 12:03:50;422;1.533;403;509;2026.09.22 12:10:00;4323.83;4317.27;106;2026.09.22 12:10:50;2;;;;;;;;;;;;;;;;;
NANPIN;2026.09.22 12:15:02;b;buy;21;1;4318.65;4318;4318.54;54;;;;;;;;;;;;;;;;;4321.94;2026.09.22 12:08:00;422;1.5;329;478;2026.09.22 12:12:00;4323.58;4316.62;149;2026.09.22 12:15:00;2;;;;;;;;;;;;;;;;;
BASKET_CLOSE;2026.09.22 12:15:22;b;buy;21;;;;;;;;;;;;;;;;;;;;;;;;;;;;;;;;;;2;0.25;4319.966;4321.53;156.4;62;20;442;361.4;2026.09.22 12:15:00;22;212.6;2026.09.22 12:15:00;-212.6;;;
ENTRY;2026.09.22 12:16:00;b;buy;23;0;4322.56;4322.15;4322.69;54;428;385;-1138;-747;4318.22;4323.58;4317.84;4321.88;4323.58;4316.62;4328.51;4316.62;4335.22;4291.36;480;38;;;;;;;;;;;;;;;;;;;;;;;;;;;;;
ENTRY;2026.09.22 12:19:00;b;sell;24;0;4317.65;4317.65;4318.19;54;-327;-161;-1197;-1197;4320.84;4321.11;4317.37;4317.52;4323.58;4316.78;4323.58;4316.62;4335.22;4291.36;540;526;;;;;;;;;;;;;;;;;;;;;;;;;;;;;
NANPIN;2026.09.22 12:19:24;a;buy;19;3;4317.41;4316.88;4317.41;53;;;;;;;;;;;;;;;;;4318.87;2026.09.22 12:10:52;512;1.478;146;171;2026.09.22 12:12:00;4323.58;4316.62;25;2026.09.22 12:19:00;24;;;;;;;;;;;;;;;;;
BASKET_CLOSE;2026.09.22 12:20:02;b;sell;24;;;;;;;;;;;;;;;;;;;;;;;;;;;;;;;;;;1;0.1;4317.65;4317.2;45;7;62;62;97;2026.09.22 12:20:00;2;120;;;;;
NANPIN;2026.09.22 12:23:02;b;buy;23;1;4319.03;4318.49;4319.03;54;;;;;;;;;;;;;;;;;4322.56;2026.09.22 12:16:00;422;1.5;353;588;2026.09.22 12:20:00;4322.28;4316.14;235;2026.09.22 12:23:00;2;;;;;;;;;;;;;;;;;
ENTRY;2026.09.22 12:24:01;c;buy;25;0;4318.64;4318.1;4318.64;54;-111;23;-6;-1152;4318.35;4319.04;4316.82;4318.11;4319.83;4316.14;4323.58;4316.14;4335.22;4291.36;2580;2570;;;;;;;;;;;;;;;;;;;;;;;;;;;;;
ENTRY;2026.09.22 12:26:01;c;sell;26;0;4315.86;4315.88;4316.42;54;-223;-600;-644;-1374;4318.31;4318.31;4315.81;4315.83;4319.83;4315.81;4323.58;4315.81;4335.22;4291.36;1321;1306;;;;;;;;;;;;;;;;;;;;;;;;;;;;;
NANPIN;2026.09.22 12:26:28;a;buy;19;4;4316.13;4315.59;4316.13;54;;;;;;;;;;;;;;;;;4317.41;2026.09.22 12:19:24;424;1.5;128;174;2026.09.22 12:26:00;4319.83;4315.14;46;2026.09.22 12:26:24;4;;;;;;;;;;;;;;;;;
BASKET_CLOSE;2026.09.22 12:28:48;c;sell;26;;;;;;;;;;;;;;;;;;;;;;;;;;;;;;;;;;1;0.1;4315.86;4315.07;79;12;167;167;99;2026.09.22 12:28:00;48;139;;;;;
NANPIN;2026.09.22 12:30:03;b;buy;23;2;4316.08;4315.57;4316.11;54;;;;;;;;;;;;;;;;;4319.03;2026.09.22 12:23:02;421;1.533;295;593;2026.09.22 12:30:00;4319.27;4312.56;298;2026.09.22 12:30:02;1;;;;;;;;;;;;;;;;;
NANPIN;2026.09.22 12:31:02;c;buy;25;1;4314.64;4314.17;4314.71;54;;;;;;;;;;;;;;;;;4318.64;2026.09.22 12:24:01;421;1.5;400;554;2026.09.22 12:30:00;4319.27;4312.56;154;2026.09.22 12:31:01;1;;;;;;;;;;;;;;;;;
BASKET_CLOSE;2026.09.22 12:32:31;c;buy;25;;;;;;;;;;;;;;;;;;;;;;;;;;;;;;;;;;2;0.25;4316.24;4317.145;90.5;36;89;510;122;2026.09.22 12:32:00;31;249;2026.09.22 12:32:00;-208;;;
NANPIN;2026.09.22 12:33:30;a;buy;19;5;4314.67;4314.28;4314.82;54;;;;;;;;;;;;;;;;;4316.13;2026.09.22 12:26:28;422;1.49;146;321;2026.09.22 12:33:00;4317.46;4312.38;175;2026.09.22 12:33:28;2;;;;;;;;;;;;;;;;;
ENTRY;2026.09.22 12:34:01;b;sell;27;0;4314.54;4314.57;4315.11;54;-163;-354;-375;-375;4314.9;4315.95;4312.38;4314.08;4317.46;4312.38;4319.83;4312.38;4335.22;4293.17;901;839;;;;;;;;;;;;;;;;;;;;;;;;;;;;;
BASKET_CLOSE;2026.09.22 12:35:18;b;sell;27;;;;;;;;;;;;;;;;;;;;;;;;;;;;;;;;;;1;0.1;4314.54;4313.82;72;11;77;77;139;2026.09.22 12:35:00;18;154;2026.09.22 12:35:00;-41;;;
ENTRY;2026.09.22 12:43:01;c;buy;28;0;4317.86;4317.23;4317.77;54;183;238;-88;-109;4316.95;4317.38;4315.68;4317.23;4318.31;4314.88;4318.31;4311.72;4335.22;4311.72;1140;630;;;;;;;;;;;;;;;;;;;;;;;;;;;;;
BASKET_CLOSE;2026.09.22 12:43:16;c;buy;28;;;;;;;;;;;;;;;;;;;;;;;;;;;;;;;;;;1;0.1;4317.86;4318.9;104;16;15;15;233;2026.09.22 12:43:00;16;76;2026.09.22 12:43:00;-76;;;
BASKET_CLOSE;2026.09.22 12:43:19;a;buy;19;;;;;;;;;;;;;;;;;;;;;;;;;;;;;;;;;;6;2.09;4317.524;4318.862;133.8;447;589;2790;266.6;2026.09.22 12:43:00;19;580.4;2026.09.22 12:43:00;-42.4;;;
BASKET_CLOSE;2026.09.22 12:43:35;b;buy;23;;;;;;;;;;;;;;;;;;;;;;;;;;;;;;;;;;3;0.48;4318.352;4319.68;132.8;100;812;1655;183.8;2026.09.22 12:43:00;35;663.2;2026.09.22 12:43:00;-125.2;;;
ENTRY;2026.09.22 12:56:30;a;buy;29;0;4335.33;4333.45;4334.02;57;85;1355;1963;1915;4331.73;4331.73;4325.83;4325.83;4333.56;4322.02;4333.56;4315.17;4335.22;4311.72;3581;791;;;;;;;;;;;;;;;;;;;;;;;;;;;;;
ENTRY;2026.09.22 12:57:01;b;sell;30;0;4332.39;4331.84;4332.38;54;-10;1151;1666;1754;4325.84;4335.27;4324.49;4332.76;4335.27;4322.02;4335.27;4315.68;4335.27;4311.72;1380;1303;;;;;;;;;;;;;;;;;;;;;;;;;;;;;
BASKET_CLOSE;2026.09.22 12:57:03;b;sell;30;;;;;;;;;;;;;;;;;;;;;;;;;;;;;;;;;;1;0.1;4332.39;4331.22;117;18;2;2;525;2026.09.22 12:57:00;3;80;2026.09.22 12:57:00;-80;;;
ENTRY;2026.09.22 12:58:00;b;buy;31;0;4330.62;4330.12;4330.65;53;429;810;1439;1582;4332.65;4332.65;4326.6;4329.43;4335.27;4324.49;4335.27;4317.1;4335.27;4311.72;2520;865;;;;;;;;;;;;;;;;;;;;;;;;;;;;;
BASKET_CLOSE;2026.09.22 12:58:10;b;buy;31;;;;;;;;;;;;;;;;;;;;;;;;;;;;;;;;;;1;0.1;4330.62;4331.48;86;13;10;10;551;2026.09.22 12:58:00;10;108;2026.09.22 12:58:00;-108;;;
BASKET_CLOSE;2026.09.22 12:59:00;a;buy;29;;;;;;;;;;;;;;;;;;;;;;;;;;;;;;;;;;1;0.1;4335.33;4336.13;80;13;150;150;219;2026.09.22 12:59:00;0;1084;2026.09.22 12:59:00;4;;;
ENTRY;2026.09.22 13:00:00;a;buy;32;0;4336.51;4335.98;4336.52;54;655;1352;2058;1587;4336.39;4337.52;4335.37;4336.28;4337.52;4324.49;4337.52;4318.68;4337.52;4311.72;210;60;;;;;;;;;;;;;;;;;;;;;;;;;;;;;
BASKET_CLOSE;2026.09.22 13:01:21;a;buy;32;;;;;;;;;;;;;;;;;;;;;;;;;;;;;;;;;;1;0.1;4336.51;4337.3;79;12;81;81;118;2026.09.22 13:01:00;21;435;2026.09.22 13:01:00;-435;;;
ENTRY;2026.09.22 13:03:00;b;sell;33;0;4334.17;4334.14;4334.69;55;-178;650;1461;1403;4332.37;4334.53;4331.67;4333.95;4337.69;4329.54;4337.69;4319.98;4337.69;4311.72;359;357;;;;;;;;;;;;;;;;;;;;;;;;;;;;;
ENTRY;2026.09.22 13:04:01;b;buy;34;0;4337.79;4337.26;4337.8;54;490;466;1715;1715;4333.97;4337.18;4333.5;4337.04;4337.69;4331.67;4337.69;4319.98;4337.69;4311.72;361;351;;;;;;;;;;;;;;;;;;;;;;;;;;;;;
BASKET_CLOSE;2026.09.22 13:09:58;b;sell;33;;;;;;;;;;;;;;;;;;;;;;;;;;;;;;;;;;1;0.1;4334.17;4333.4;77;12;418;418;104;2026.09.22 13:09:00;58;401;2026.09.22 13:09:00;-181;;;
NANPIN;2026.09.22 13:11:01;b;buy;34;1;4334.59;4334.05;4334.59;54;;;;;;;;;;;;;;;;;4337.79;2026.09.22 13:04:01;420;1.5;320;500;2026.09.22 13:11:00;4337.63;4332.25;180;2026.09.22 13:11:01;0;;;;;;;;;;;;;;;;;
ENTRY;2026.09.22 13:13:00;c;sell;35;0;4331.91;4331.87;4332.4;53;-209;-208;-73;1176;4332.21;4333.51;4331.86;4331.88;4336.71;4331.86;4337.69;4329.54;4337.69;4311.72;2819;2652;;;;;;;;;;;;;;;;;;;;;;;;;;;;;
BASKET_CLOSE;2026.09.22 13:13:23;c;sell;35;;;;;;;;;;;;;;;;;;;;;;;;;;;;;;;;;;1;0.1;4331.91;4331.2;71;11;23;23;262;2026.09.22 13:13:00;23;63;2026.09.22 13:13:00;-63;;;
NANPIN;2026.09.22 13:18:02;b;buy;34;2;4331.64;4330.87;4331.41;54;;;;;;;;;;;;;;;;;4334.59;2026.09.22 13:11:01;421;1.533;295;533;2026.09.22 13:18:00;4335.12;4328.72;238;2026.09.22 13:18:01;1;;;;;;;;;;;;;;;;;
ENTRY;2026.09.22 13:19:00;b;sell;36;0;4329.3;4329.21;4329.75;54;-180;-598;-707;-707;4331.26;4331.38;4328.72;4329.03;4332.01;4328.72;4337.63;4328.72;4337.69;4311.72;960;542;;;;;;;;;;;;;;;;;;;;;;;;;;;;;
NANPIN;2026.09.22 13:25:03;b;buy;34;3;4329.47;4328.95;4329.49;54;;;;;;;;;;;;;;;;;4331.64;2026.09.22 13:18:02;421;1.478;217;297;2026.09.22 13:23:00;4331.38;4328.13;80;2026.09.22 13:25:02;1;;;;;;;;;;;;;;;;;
NANPIN;2026.09.22 13:26:02;b;sell;36;1;4330.45;4330.45;4330.99;54;;;;;;;;;;;;;;;;;4329.3;2026.09.22 13:19:00;422;1.5;115;181;2026.09.22 13:20:00;4331.11;4328.13;66;2026.09.22 13:26:00;2;;;;;;;;;;;;;;;;;
ENTRY;2026.09.22 13:32:01;c;buy;37;0;4330.86;4330.34;4330.88;54;110;55;-154;-22;4330.5;4330.66;4329.28;4330.32;4331.31;4328.66;4331.62;4328.13;4337.69;4311.72;2940;2925;;;;;;;;;;;;;;;;;;;;;;;;;;;;;
BASKET_CLOSE;2026.09.22 13:32:32;b;sell;36;;;;;;;;;;;;;;;;;;;;;;;;;;;;;;;;;;2;0.25;4329.99;4329.42;57;22;390;812;121;2026.09.22 13:32:00;32;186;2026.09.22 13:32:00;-102;;;
NANPIN;2026.09.22 13:33:56;b;buy;34;4;4328.27;4327.74;4328.28;54;;;;;;;;;;;;;;;;;4329.47;2026.09.22 13:25:03;533;1.5;120;120;2026.09.22 13:33:00;4331.31;4327.73;0;2026.09.22 13:33:00;56;;;;;;;;;;;;;;;;;
ENTRY;2026.09.22 13:34:00;b;sell;38;0;4328.03;4328.25;4328.79;54;-207;-121;-231;-231;4330.02;4330.15;4327.73;4328.05;4331.31;4327.73;4331.31;4327.73;4337.69;4311.72;900;88;;;;;;;;;;;;;;;;;;;;;;;;;;;;;
ENTRY;2026.09.22 13:36:02;c;sell;39;0;4327.95;4327.99;4328.53;54;-6;-209;-302;-257;4328.24;4328.58;4327.82;4327.88;4330.66;4327.69;4331.31;4327.69;4337.69;4311.72;1382;1359;;;;;;;;;;;;;;;;;;;;;;;;;;;;;
BASKET_CLOSE;2026.09.22 13:38:03;c;buy;37;;;;;;;;;;;;;;;;;;;;;;;;;;;;;;;;;;1;0.1;4330.86;4331.92;106;17;362;362;144;2026.09.22 13:38:00;3;317;2026.09.22 13:38:00;-65;;;
ENTRY;2026.09.22 13:38:07;b;buy;40;0;4332.55;4332.02;4332.55;53;414;187;299;146;4328.2;4331.18;4328.17;4331.04;4331.18;4327.69;4331.31;4327.69;4337.69;4314.88;2046;2397;;;;;;;;;;;;;;;;;;;;;;;;;;;;;
BASKET_CLOSE;2026.09.22 13:38:08;b;buy;34;;;;;;;;;;;;;;;;;;;;;;;;;;;;;;;;;;5;1.33;4330.588;4331.974;138.6;284;252;2047;171.2;2026.09.22 13:38:00;8;289.8;2026.09.22 13:38:00;-37.8;;;
NANPIN;2026.09.22 13:41:04;b;sell;38;1;4331.01;4330.98;4331.52;54;;;;;;;;;;;;;;;;;4328.03;2026.09.22 13:34:00;424;1.5;298;476;2026.09.22 13:41:00;4332.79;4327.69;178;2026.09.22 13:41:00;4;;;;;;;;;;;;;;;;;
BASKET_CLOSE;2026.09.22 13:42:08;b;buy;40;;;;;;;;;;;;;;;;;;;;;;;;;;;;;;;;;;1;0.1;4332.55;4333.51;96;15;241;241;97;2026.09.22 13:42:00;8;333;;;;;
NANPIN;2026.09.22 13:43:04;c;sell;39;1;4333.39;4333.15;4333.69;54;;;;;;;;;;;;;;;;;4327.95;2026.09.22 13:36:02;422;1.5;544;582;2026.09.22 13:43:00;4333.77;4327.81;38;2026.09.22 13:43:02;2;;;;;;;;;;;;;;;;;
BASKET_CLOSE;2026.09.22 13:45:55;c;sell;39;;;;;;;;;;;;;;;;;;;;;;;;;;;;;;;;;;2;0.25;4331.214;4329.71;150.4;59;171;593;168.4;2026.09.22 13:45:00;55;309.6;2026.09.22 13:45:00;-51.6;;;
BASKET_CLOSE;2026.09.22 13:46:11;b;sell;38;;;;;;;;;;;;;;;;;;;;;;;;;;;;;;;;;;2;0.25;4329.818;4328.39;142.8;56;307;731;205.8;2026.09.22 13:46:00;11;449.2;2026.09.22 13:46:00;16.8;;;
ENTRY;2026.09.22 13:51:01;b;buy;41;0;4329.06;4328.63;4329.17;54;194;-243;-169;-61;4327.14;4328.53;4326.74;4328.52;4329.11;4325.78;4333.77;4325.78;4337.69;4322.02;774;533;;;;;;;;;;;;;;;;;;;;;;;;;;;;;
ENTRY;2026.09.22 13:51:02;c;sell;42;0;4328.63;4328.56;4329.1;54;187;-250;-176;-68;4327.14;4328.53;4326.74;4328.52;4329.11;4325.78;4333.77;4325.78;4337.69;4322.02;900;307;;;;;;;;;;;;;;;;;;;;;;;;;;;;;
BASKET_CLOSE;2026.09.22 13:51:06;c;sell;42;;;;;;;;;;;;;;;;;;;;;;;;;;;;;;;;;;1;0.1;4328.63;4327.94;69;11;4;4;94;2026.09.22 13:51:00;6;86;;;;;
ENTRY;2026.09.22 13:55:01;b;sell;43;0;4327.7;4327.7;4328.24;54;-59;-301;-18;-154;4328.5;4328.5;4326.09;4327.77;4329.55;4326.09;4333.77;4325.78;4337.69;4324.49;1261;530;;;;;;;;;;;;;;;;;;;;;;;;;;;;;
BASKET_CLOSE;2026.09.22 13:55:42;b;sell;43;;;;;;;;;;;;;;;;;;;;;;;;;;;;;;;;;;1;0.1;4327.7;4326.8;90;14;41;41;101;2026.09.22 13:55:00;42;103;2026.09.22 13:55:00;-103;;;
NANPIN;2026.09.22 13:58:02;b;buy;41;1;4324.93;4324.64;4325.18;54;;;;;;;;;;;;;;;;;4329.06;2026.09.22 13:51:01;421;1.5;413;430;2026.09.22 13:57:00;4329.55;4324.22;17;2026.09.22 13:58:01;1;;;;;;;;;;;;;;;;;
NANPIN;2026.09.22 14:05:05;b;buy;41;2;4320.04;4319.5;4320.04;54;;;;;;;;;;;;;;;;;4324.93;2026.09.22 13:58:02;423;1.533;489;665;2026.09.22 14:03:00;4325.05;4317.74;176;2026.09.22 14:05:02;3;;;;;;;;;;;;;;;;;
NANPIN;2026.09.22 14:12:10;b;buy;41;3;4315.38;4315.03;4315.57;54;;;;;;;;;;;;;;;;;4320.04;2026.09.22 14:05:05;425;1.478;466;1065;2026.09.22 14:09:00;4319.64;4308.85;599;2026.09.22 14:12:05;5;;;;;;;;;;;;;;;;;
ENTRY;2026.09.22 14:19:00;b;sell;44;0;4314.79;4314.79;4315.33;54;-292;-10;-687;-687;4316.59;4317.12;4314.4;4314.72;4318.31;4311.96;4319.66;4308.85;4333.77;4308.85;1439;1398;;;;;;;;;;;;;;;;;;;;;;;;;;;;;
BASKET_CLOSE;2026.09.22 14:19:19;b;sell;44;;;;;;;;;;;;;;;;;;;;;;;;;;;;;;;;;;1;0.1;4314.79;4313.79;100;16;19;19;238;2026.09.22 14:19:00;19;61;2026.09.22 14:19:00;-61;;;
NANPIN;2026.09.22 14:20:59;b;buy;41;4;4314.18;4313.01;4313.55;54;;;;;;;;;;;;;;;;;4315.38;2026.09.22 14:12:10;529;1.5;120;376;2026.09.22 14:12:00;4318.31;4311.08;256;2026.09.22 14:19:10;109;;;;;;;;;;;;;;;;;
ENTRY;2026.09.22 14:22:00;c;buy;45;0;4314.14;4313.61;4314.14;53;108;35;-665;-805;4313.12;4314.52;4312.98;4313.68;4318.22;4311.87;4319.09;4308.85;4333.77;4308.85;2999;2637;;;;;;;;;;;;;;;;;;;;;;;;;;;;;
BASKET_CLOSE;2026.09.22 14:22:32;c;buy;45;;;;;;;;;;;;;;;;;;;;;;;;;;;;;;;;;;1;0.1;4314.14;4314.95;81;13;32;32;93;2026.09.22 14:22:00;32;116;;;;;
ENTRY;2026.09.22 14:28:00;c;sell;46;0;4316.44;4316.44;4316.99;55;49;-16;155;-522;4316.94;4317.39;4316.08;4316.4;4318.43;4314.06;4318.43;4311.5;4333.77;4308.85;2218;2214;;;;;;;;;;;;;;;;;;;;;;;;;;;;;
ENTRY;2026.09.22 14:31:01;c;buy;47;0;4317.48;4316.83;4317.38;55;102;369;357;192;4317.53;4318.45;4316.61;4317.03;4318.45;4315.51;4318.45;4311.87;4333.77;4308.85;541;509;;;;;;;;;;;;;;;;;;;;;;;;;;;;;
BASKET_CLOSE;2026.09.22 14:31:12;c;buy;47;;;;;;;;;;;;;;;;;;;;;;;;;;;;;;;;;;1;0.1;4317.48;4318.14;66;10;11;11;189;2026.09.22 14:31:00;12;112;2026.09.22 14:31:00;-112;;;
BASKET_CLOSE;2026.09.22 14:31:20;b;buy;41;;;;;;;;;;;;;;;;;;;;;;;;;;;;;;;;;;5;1.33;4317.831;4319.214;138.3;288;621;2419;153.9;2026.09.22 14:31:00;20;587.1;2026.09.22 14:31:00;-147.1;;;
ENTRY;2026.09.22 14:34:00;b;sell;48;0;4315.61;4315.61;4316.16;55;-220;73;70;70;4318.16;4318.16;4315.17;4315.63;4319.37;4315.17;4319.37;4311.87;4333.77;4308.85;900;881;;;;;;;;;;;;;;;;;;;;;;;;;;;;;
BASKET_CLOSE;2026.09.22 14:34:11;c;sell;46;;;;;;;;;;;;;;;;;;;;;;;;;;;;;;;;;;1;0.1;4316.44;4315.68;76;12;371;371;249;2026.09.22 14:34:00;11;348;2026.09.22 14:34:00;4;;;
BASKET_CLOSE;2026.09.22 14:34:29;b;sell;48;;;;;;;;;;;;;;;;;;;;;;;;;;;;;;;;;;1;0.1;4315.61;4314.92;69;11;29;29;166;2026.09.22 14:34:00;29;79;2026.09.22 14:34:00;-79;;;
ENTRY;2026.09.22 14:38:00;c;sell;49;0;4313.75;4313.75;4314.3;55;-166;-265;-97;-116;4315.43;4315.59;4314.02;4314.06;4318.16;4313.4;4319.37;4313.4;4333.77;4308.85;600;229;;;;;;;;;;;;;;;;;;;;;;;;;;;;;
ENTRY;2026.09.22 14:39:00;b;buy;50;0;4316.9;4316.33;4316.86;53;89;52;380;142;4314.04;4316.44;4313.55;4316.28;4316.44;4313.4;4319.37;4313.4;4333.77;4308.85;2879;460;;;;;;;;;;;;;;;;;;;;;;;;;;;;;
BASKET_CLOSE;2026.09.22 14:39:29;b;buy;50;;;;;;;;;;;;;;;;;;;;;;;;;;;;;;;;;;1;0.1;4316.9;4317.86;96;15;29;29;120;2026.09.22 14:39:00;29;64;2026.09.22 14:39:00;-64;;;
ENTRY;2026.09.22 14:45:01;c;buy;51;0;4317.97;4317.51;4318.05;54;-119;373;156;-6;4318.44;4318.44;4316.09;4317.44;4319.9;4315.84;4319.9;4313.4;4331.19;4308.85;840;829;;;;;;;;;;;;;;;;;;;;;;;;;;;;;
ENTRY;2026.09.22 14:45:02;b;sell;52;0;4317.51;4317.44;4317.98;54;-126;366;149;-13;4318.44;4318.44;4316.09;4317.44;4319.9;4315.84;4319.9;4313.4;4331.19;4308.85;662;633;;;;;;;;;;;;;;;;;;;;;;;;;;;;;
NANPIN;2026.09.22 14:45:03;c;sell;49;1;4317.54;4317.54;4318.08;54;;;;;;;;;;;;;;;;;4313.75;2026.09.22 14:38:00;423;1.5;379;797;2026.09.22 14:45:00;4321.72;4313.55;418;2026.09.22 14:45:00;3;;;;;;;;;;;;;;;;;
BASKET_CLOSE;2026.09.22 14:45:56;c;buy;51;;;;;;;;;;;;;;;;;;;;;;;;;;;;;;;;;;1;0.1;4317.97;4320.23;226;36;55;55;375;2026.09.22 14:45:00;56;146;2026.09.22 14:45:00;-146;;;
ENTRY;2026.09.22 14:47:00;b;buy;53;0;4318.38;4317.83;4318.36;53;39;239;143;26;4320.03;4320.03;4317.23;4317.62;4321.72;4316.09;4321.72;4313.4;4329.55;4308.85;480;451;;;;;;;;;;;;;;;;;;;;;;;;;;;;;
BASKET_CLOSE;2026.09.22 14:47:54;b;buy;53;;;;;;;;;;;;;;;;;;;;;;;;;;;;;;;;;;1;0.1;4318.38;4319.22;84;13;54;54;99;2026.09.22 14:47:00;54;74;;;;;
NANPIN;2026.09.22 14:52:02;b;sell;52;1;4318.91;4318.92;4319.45;53;;;;;;;;;;;;;;;;;4317.51;2026.09.22 14:45:02;420;1.5;140;421;2026.09.22 14:45:00;4321.72;4316.51;281;2026.09.22 14:52:02;0;;;;;;;;;;;;;;;;;
NANPIN;2026.09.22 14:52:03;c;sell;49;2;4318.92;4318.77;4319.3;53;;;;;;;;;;;;;;;;;4317.54;2026.09.22 14:45:03;420;1.533;138;418;2026.09.22 14:45:00;4321.72;4316.51;280;2026.09.22 14:52:03;0;;;;;;;;;;;;;;;;;
NANPIN;2026.09.22 14:59:03;b;sell;52;2;4320.74;4320.74;4321.29;55;;;;;;;;;;;;;;;;;4318.91;2026.09.22 14:52:02;421;1.533;183;426;2026.09.22 14:57:00;4323.17;4317.66;243;2026.09.22 14:59:02;1;;;;;;;;;;;;;;;;;
NANPIN;2026.09.22 14:59:05;c;sell;49;3;4320.74;4320.79;4321.34;55;;;;;;;;;;;;;;;;;4318.92;2026.09.22 14:52:03;422;1.478;182;425;2026.09.22 14:57:00;4323.17;4317.66;243;2026.09.22 14:59:03;2;;;;;;;;;;;;;;;;;
ENTRY;2026.09.22 15:01:00;b;buy;54;0;4323.17;4322.59;4323.14;55;174;242;290;515;4322.55;4323.36;4322.26;4322.56;4323.36;4319.72;4323.36;4317.23;4323.36;4308.85;840;786;;;;;;;;;;;;;;;;;;;;;;;;;;;;;
BASKET_CLOSE;2026.09.22 15:02:47;b;buy;54;;;;;;;;;;;;;;;;;;;;;;;;;;;;;;;;;;1;0.1;4323.17;4324.34;117;18;107;107;155;2026.09.22 15:02:00;47;143;2026.09.22 15:02:00;-92;;;
NANPIN;2026.09.22 15:06:04;b;sell;52;3;4323.98;4323.98;4324.52;54;;;;;;;;;;;;;;;;;4320.74;2026.09.22 14:59:03;421;1.478;324;575;2026.09.22 15:05:00;4326.49;4320.73;251;2026.09.22 15:06:03;1;;;;;;;;;;;;;;;;;
NANPIN;2026.09.22 15:06:05;c;sell;49;4;4323.98;4324.33;4324.88;55;;;;;;;;;;;;;;;;;4320.74;2026.09.22 14:59:05;420;1.5;324;575;2026.09.22 15:05:00;4326.49;4320.73;251;2026.09.22 15:06:05;0;;;;;;;;;;;;;;;;;
NANPIN;2026.09.22 15:16:03;b;sell;52;4;4325.24;4325.43;4325.94;51;;;;;;;;;;;;;;;;;4323.98;2026.09.22 15:06:04;599;1.5;126;222;2026.09.22 15:16:00;4326.2;4320.23;96;2026.09.22 15:16:00;3;;;;;;;;;;;;;;;;;
NANPIN;2026.09.22 15:16:04;c;sell;49;5;4325.17;4325.38;4325.91;53;;;;;;;;;;;;;;;;;4323.98;2026.09.22 15:06:05;599;1.49;119;222;2026.09.22 15:16:00;4326.2;4320.23;103;2026.09.22 15:16:00;4;;;;;;;;;;;;;;;;;
NANPIN;2026.09.22 15:26:46;b;sell;52;5;4334.14;4334.04;4334.58;54;;;;;;;;;;;;;;;;;4325.24;2026.09.22 15:16:03;643;1.49;890;1702;2026.09.22 15:25:00;4342.26;4322.63;812;2026.09.22 15:23:03;223;;;;;;;;;;;;;;;;;
NANPIN;2026.09.22 15:26:47;c;sell;49;6;4334.13;4333.67;4334.2;53;;;;;;;;;;;;;;;;;4325.17;2026.09.22 15:16:04;643;1.5;896;1709;2026.09.22 15:25:00;4342.26;4322.63;813;2026.09.22 15:23:04;223;;;;;;;;;;;;;;;;;
NANPIN;2026.09.22 15:43:59;b;sell;52;6;4336.55;4336.55;4337.1;55;;;;;;;;;;;;;;;;;4334.14;2026.09.22 15:26:46;1033;1.5;241;960;2026.09.22 15:32:00;4343.74;4331.63;719;2026.09.22 15:33:46;613;;;;;;;;;;;;;;;;;
NANPIN;2026.09.22 15:44:00;c;sell;49;7;4336.55;4336.62;4337.17;55;;;;;;;;;;;;;;;;;4334.13;2026.09.22 15:26:47;1033;1.5;242;961;2026.09.22 15:32:00;4343.74;4331.63;719;2026.09.22 15:33:47;613;;;;;;;;;;;;;;;;;
NANPIN;2026.09.22 16:08:25;b;sell;52;7;4338.55;4338.52;4339.07;55;;;;;;;;;;;;;;;;;4336.55;2026.09.22 15:43:59;1466;1.5;200;404;2026.09.22 15:43:00;4340.59;4330.14;204;2026.09.22 16:08:00;25;;;;;;;;;;;;;;;;;
NANPIN;2026.09.22 16:08:26;c;sell;49;8;4337.82;4337.74;4338.29;55;;;;;;;;;;;;;;;;;4336.55;2026.09.22 15:44:00;1466;1.497;127;313;2026.09.22 16:08:00;4339.68;4330.14;186;2026.09.22 16:08:00;26;;;;;;;;;;;;;;;;;
NANPIN;2026.09.22 16:17:08;c;sell;49;9;4339.39;4339.35;4339.89;54;;;;;;;;;;;;;;;;;4337.82;2026.09.22 16:08:26;522;1.5;157;458;2026.09.22 16:16:00;4342.4;4334.48;301;2026.09.22 16:15:26;102;;;;;;;;;;;;;;;;;
BASKET_CLOSE;2026.09.22 16:23:37;c;sell;49;;;;;;;;;;;;;;;;;;;;;;;;;;;;;;;;;;10;11.34;4334.943;4333.45;149.3;3331;389;6337;332.3;2026.09.22 16:23:00;37;624.7;2026.09.22 16:23:00;-179.7;;;close_missing
BASKET_CLOSE;2026.09.22 16:24:01;b;sell;52;;;;;;;;;;;;;;;;;;;;;;;;;;;;;;;;;;8;4.94;4333.182;4331.842;133.9;1078;936;5939;194.2;2026.09.22 16:24:00;1;976.8;2026.09.22 16:23:00;-356.8;;;
ENTRY;2026.09.22 17:22:01;b;buy;55;0;4332.03;4331.82;4332.36;54;306;83;139;-140;4329.01;4331.45;4327.78;4331.28;4331.45;4325.49;4338.02;4325.49;4343.86;4325.49;8461;8354;;;;;;;;;;;;;;;;;;;;;;;;;;;;;
ENTRY;2026.09.22 17:24:01;c;sell;56;0;4331.38;4331.39;4331.93;54;11;-241;294;-183;4329.53;4332.61;4329.25;4331.28;4332.61;4326.56;4338.02;4325.49;4343.86;4325.49;9961;3624;;;;;;;;;;;;;;;;;;;;;;;;;;;;;
BASKET_CLOSE;2026.09.22 17:24:44;b;buy;55;;;;;;;;;;;;;;;;;;;;;;;;;;;;;;;;;;1;0.1;4332.03;4332.7;67;11;163;163;74;2026.09.22 17:24:00;44;278;;;;;
BASKET_CLOSE;2026.09.22 17:25:53;c;sell;56;;;;;;;;;;;;;;;;;;;;;;;;;;;;;;;;;;1;0.1;4331.38;4330.6;78;12;112;112;86;2026.09.22 17:25:00;53;193;;;;;
ENTRY;2026.09.22 17:27:00;b;sell;57;0;4328.71;4328.71;4329.25;54;-314;-165;-214;-451;4330.58;4330.92;4328.11;4328.81;4332.77;4328.11;4338.02;4325.49;4343.86;4325.49;9718;3779;;;;;;;;;;;;;;;;;;;;;;;;;;;;;
BASKET_CLOSE;2026.09.22 17:28:05;b;sell;57;;;;;;;;;;;;;;;;;;;;;;;;;;;;;;;;;;1;0.1;4328.71;4327.96;75;12;65;65;270;2026.09.22 17:28:00;5;194;2026.09.22 17:28:00;34;;;
ENTRY;2026.09.22 17:31:00;c;buy;58;0;4329.11;4328.57;4329.11;54;141;-43;-242;-489;4327.81;4329.34;4326.74;4328.61;4330.92;4325.47;4334.08;4325.47;4343.86;4325.47;9959;9904;;;;;;;;;;;;;;;;;;;;;;;;;;;;;
ENTRY;2026.09.22 17:31:02;b;buy;59;0;4329.11;4328.8;4329.34;54;164;-20;-219;-466;4327.81;4329.34;4326.74;4328.61;4330.92;4325.47;4334.08;4325.47;4343.86;4325.47;541;378;;;;;;;;;;;;;;;;;;;;;;;;;;;;;
ENTRY;2026.09.22 17:33:01;c;sell;60;0;4327.07;4327.17;4327.71;54;-144;-235;-663;-629;4329;4329.18;4327.02;4327.15;4329.47;4325.47;4332.77;4325.47;4343.86;4325.47;540;428;;;;;;;;;;;;;;;;;;;;;;;;;;;;;
BASKET_CLOSE;2026.09.22 17:34:00;c;sell;60;;;;;;;;;;;;;;;;;;;;;;;;;;;;;;;;;;1;0.1;4327.07;;;;59;59;;;;;;;;;close_not_logged
ENTRY;2026.09.22 17:34:01;b;sell;61;0;4326.44;4326.45;4326.99;54;-261;-483;-701;-701;4327.17;4327.31;4326.09;4326.47;4329.47;4326.09;4332.77;4325.47;4343.86;4325.47;421;356;;;;;;;;;;;;;;;;;;;;;;;;;;;;;
BASKET_CLOSE;2026.09.22 17:34:23;b;sell;61;;;;;;;;;;;;;;;;;;;;;;;;;;;;;;;;;;1;0.1;4326.44;4325.62;82;13;22;22;166;2026.09.22 17:34:00;23;92;2026.09.22 17:34:00;-92;;;
NANPIN;2026.09.22 17:38:20;b;buy;59;1;4327.54;4327.02;4327.56;54;;;;;;;;;;;;;;;;;4329.11;2026.09.22 17:31:02;438;1.5;157;756;2026.09.22 17:36:00;4329.47;4321.01;599;2026.09.22 17:38:02;18;;;;;;;;;;;;;;;;;
NANPIN;2026.09.22 17:38:21;c;buy;58;1;4327.55;4327.09;4327.63;54;;;;;;;;;;;;;;;;;4329.11;2026.09.22 17:31:00;441;1.5;156;756;2026.09.22 17:36:00;4329.47;4321.01;600;2026.09.22 17:38:00;21;;;;;;;;;;;;;;;;;
BASKET_CLOSE;2026.09.22 17:39:16;b;buy;59;;;;;;;;;;;;;;;;;;;;;;;;;;;;;;;;;;2;0.25;4328.168;4332.155;398.7;153;56;494;511.2;2026.09.22 17:39:00;16;421.8;2026.09.22 17:39:00;-421.8;;;
BASKET_CLOSE;2026.09.22 17:39:17;c;buy;58;;;;;;;;;;;;;;;;;;;;;;;;;;;;;;;;;;2;0.25;4328.174;4332.32;414.6;165;56;497;510.6;2026.09.22 17:39:00;17;422.4;2026.09.22 17:39:00;-422.4;;;
ENTRY;2026.09.22 17:45:00;b;buy;62;0;4320.09;4319.48;4320.01;53;421;-532;-1097;-834;4319.13;4320.79;4317.94;4319.95;4324.59;4314.84;4333.28;4314.84;4343.86;4314.84;838;344;;;;;;;;;;;;;;;;;;;;;;;;;;;;;
BASKET_CLOSE;2026.09.22 17:45:17;b;buy;62;;;;;;;;;;;;;;;;;;;;;;;;;;;;;;;;;;1;0.1;4320.09;4320.86;77;12;17;17;177;2026.09.22 17:45:00;17;254;2026.09.22 17:45:00;-254;;;
ENTRY;2026.09.22 17:52:00;b;sell;63;0;4321.5;4321.5;4322.05;55;-56;334;-565;-632;4321.22;4322.14;4320.01;4321.44;4324.15;4319.48;4333.28;4314.84;4340.81;4314.84;1079;1057;;;;;;;;;;;;;;;;;;;;;;;;;;;;;
BASKET_CLOSE;2026.09.22 17:53:13;b;sell;63;;;;;;;;;;;;;;;;;;;;;;;;;;;;;;;;;;1;0.1;4321.5;4320.87;63;10;73;73;70;2026.09.22 17:53:00;13;195;;;;;
ENTRY;2026.09.22 17:54:01;c;buy;64;0;4323.45;4323.03;4323.57;54;159;403;-177;-479;4321.84;4322.9;4320.25;4322.88;4322.9;4320.01;4333.28;4314.84;4338.02;4314.84;1381;884;;;;;;;;;;;;;;;;;;;;;;;;;;;;;
BASKET_CLOSE;2026.09.22 17:54:19;c;buy;64;;;;;;;;;;;;;;;;;;;;;;;;;;;;;;;;;;1;0.1;4323.45;4324.47;102;16;18;18;191;2026.09.22 17:54:00;19;61;2026.09.22 17:54:00;-61;;;
ENTRY;2026.09.22 18:07:26;a;buy;65;0;4335.66;4334.94;4335.51;57;441;953;1285;1499;4330.42;4334.28;4330.13;4332.53;4334.28;4328.19;4334.28;4320.25;4338.02;4314.84;18446;18365;;;;;;;;;;;;;;;;;;;;;;;;;;;;;
BASKET_CLOSE;2026.09.22 18:08:33;a;buy;65;;;;;;;;;;;;;;;;;;;;;;;;;;;;;;;;;;1;0.1;4335.66;4336.45;79;12;67;67;213;2026.09.22 18:08:00;33;325;2026.09.22 18:08:00;-76;;;
ENTRY;2026.09.22 18:13:00;b;sell;66;0;4335.61;4335.51;4336.06;55;-199;689;1263;1556;4336.07;4336.43;4334.99;4335.64;4340.04;4334.9;4340.04;4325.37;4340.04;4314.84;1260;1187;;;;;;;;;;;;;;;;;;;;;;;;;;;;;
ENTRY;2026.09.22 18:15:01;a;buy;67;0;4337.4;4336.69;4337.23;54;105;616;1128;892;4335.36;4337.77;4335.06;4335.8;4340.04;4334.69;4340.04;4325.37;4340.04;4314.84;455;388;;;;;;;;;;;;;;;;;;;;;;;;;;;;;
BASKET_CLOSE;2026.09.22 18:15:19;a;buy;67;;;;;;;;;;;;;;;;;;;;;;;;;;;;;;;;;;1;0.1;4337.4;4338.26;86;14;18;18;257;2026.09.22 18:15:00;19;144;2026.09.22 18:15:00;-144;;;
ENTRY;2026.09.22 18:16:00;b;buy;68;0;4339.67;4338.72;4339.26;54;331;841;1331;1095;4335.96;4339.97;4335.96;4339.1;4339.97;4334.69;4340.04;4326.08;4340.04;4314.84;1860;1843;;;;;;;;;;;;;;;;;;;;;;;;;;;;;
NANPIN;2026.09.22 18:20:02;b;sell;66;1;4337.02;4336.72;4337.27;55;;;;;;;;;;;;;;;;;4335.61;2026.09.22 18:13:00;422;1.5;141;458;2026.09.22 18:16:00;4340.19;4334.48;317;2026.09.22 18:20:00;2;;;;;;;;;;;;;;;;;
ENTRY;2026.09.22 18:20:54;b;sell;69;0;4334.6;4334.65;4335.2;55;-397;-329;693;688;4337.52;4338.86;4336.67;4336.88;4340.19;4335.96;4340.19;4328.86;4340.19;4314.84;474;1661;;;;;;;;;;;;;;;;;;;;;;;;;;;;;
BASKET_CLOSE;2026.09.22 18:20:55;b;sell;66;;;;;;;;;;;;;;;;;;;;;;;;;;;;;;;;;;2;0.25;4336.456;4335.14;131.6;52;53;475;142.6;2026.09.22 18:20:00;55;111.4;2026.09.22 18:20:00;-111.4;;;
NANPIN;2026.09.22 18:23:01;b;buy;68;1;4336.31;4335.76;4336.31;55;;;;;;;;;;;;;;;;;4339.67;2026.09.22 18:16:00;421;1.5;336;465;2026.09.22 18:20:00;4340.19;4334.48;129;2026.09.22 18:23:00;1;;;;;;;;;;;;;;;;;
ENTRY;2026.09.22 18:27:01;c;sell;70;0;4333.73;4333.76;4334.3;54;-306;-554;-179;599;4335.11;4335.38;4333.76;4333.91;4338.36;4333.76;4340.19;4333.76;4340.19;4314.84;3240;3181;;;;;;;;;;;;;;;;;;;;;;;;;;;;;
BASKET_CLOSE;2026.09.22 18:29:43;b;sell;69;;;;;;;;;;;;;;;;;;;;;;;;;;;;;;;;;;1;0.1;4334.6;4333.93;67;11;529;529;212;2026.09.22 18:29:00;43;470;2026.09.22 18:29:00;-119;;;
BASKET_CLOSE;2026.09.22 18:29:55;c;sell;70;;;;;;;;;;;;;;;;;;;;;;;;;;;;;;;;;;1;0.1;4333.73;4332.99;74;12;174;174;126;2026.09.22 18:29:00;55;221;2026.09.22 18:29:00;-205;;;
NANPIN;2026.09.22 18:30:04;b;buy;68;2;4332.37;4332.05;4332.6;55;;;;;;;;;;;;;;;;;4336.31;2026.09.22 18:23:01;423;1.533;394;472;2026.09.22 18:30:00;4337.83;4331.04;78;2026.09.22 18:30:01;3;;;;;;;;;;;;;;;;;
NANPIN;2026.09.22 18:37:04;b;buy;68;3;4330.5;4329.79;4330.33;54;;;;;;;;;;;;;;;;;4332.37;2026.09.22 18:30:04;420;1.478;187;414;2026.09.22 18:33:00;4332.75;4327.68;227;2026.09.22 18:37:04;0;;;;;;;;;;;;;;;;;
ENTRY;2026.09.22 18:39:01;b;sell;71;0;4328.57;4328.32;4328.86;54;-180;-662;-856;-748;4328.51;4328.71;4327.28;4328.68;4330.85;4327.28;4337.83;4327.28;4340.19;4314.84;1087;558;;;;;;;;;;;;;;;;;;;;;;;;;;;;;
BASKET_CLOSE;2026.09.22 18:43:55;b;sell;71;;;;;;;;;;;;;;;;;;;;;;;;;;;;;;;;;;1;0.1;4328.57;4327.85;72;11;294;294;86;2026.09.22 18:43:00;55;172;;;;;
ENTRY;2026.09.22 18:57:01;c;buy;72;0;4329.56;4329;4329.55;55;19;355;45;-307;4329.05;4329.6;4328.6;4329.02;4329.6;4327.19;4329.75;4325.22;4340.19;4324.47;3780;3762;;;;;;;;;;;;;;;;;;;;;;;;;;;;;
BASKET_CLOSE;2026.09.22 18:57:11;c;buy;72;;;;;;;;;;;;;;;;;;;;;;;;;;;;;;;;;;1;0.1;4329.56;4330.4;84;13;10;10;185;2026.09.22 18:57:00;11;57;2026.09.22 18:57:00;-57;;;
ENTRY;2026.09.22 19:02:01;b;sell;73;0;4328.23;4328.31;4328.86;55;-265;107;-34;66;4332.14;4332.2;4327.97;4328.21;4332.2;4327.97;4332.2;4325.5;4340.19;4325.22;1380;1086;;;;;;;;;;;;;;;;;;;;;;;;;;;;;
BASKET_CLOSE;2026.09.22 19:03:04;b;sell;73;;;;;;;;;;;;;;;;;;;;;;;;;;;;;;;;;;1;0.1;4328.23;4327.57;66;10;63;63;153;2026.09.22 19:03:00;4;101;2026.09.22 19:03:00;36;;;
NANPIN;2026.09.22 19:03:16;b;buy;68;5;4326.85;4326.45;4326.99;54;;;;;;;;;;;;;;;;;4330.5;2026.09.22 18:37:04;1572;2.235;365;474;2026.09.22 18:46:00;4332.2;4325.22;109;2026.09.22 18:44:04;1152;;;;;;;;;;;;;;;;;leg_missing
ENTRY;2026.09.22 19:08:00;c;sell;74;0;4326;4326;4326.55;55;-48;-528;-141;-165;4325.95;4326.65;4325.81;4325.96;4327.32;4324.81;4332.2;4324.81;4340.19;4324.81;2459;2285;;;;;;;;;;;;;;;;;;;;;;;;;;;;;
BASKET_CLOSE;2026.09.22 19:09:00;c;sell;74;;;;;;;;;;;;;;;;;;;;;;;;;;;;;;;;;;1;0.1;4326;;;;60;60;;;;;;;;;close_not_logged
NANPIN;2026.09.22 19:10:16;b;buy;68;6;4325.49;4324.95;4325.49;54;;;;;;;;;;;;;;;;;4326.85;2026.09.22 19:03:16;420;1.5;136;201;2026.09.22 19:10:00;4327.32;4324.3;65;2026.09.22 19:10:16;0;;;;;;;;;;;;;;;;;
NANPIN;2026.09.22 19:17:18;b;buy;68;7;4323.91;4323.51;4324.06;55;;;;;;;;;;;;;;;;;4325.49;2026.09.22 19:10:16;422;1.5;158;248;2026.09.22 19:13:00;4325.22;4322.47;90;2026.09.22 19:17:16;2;;;;;;;;;;;;;;;;;
ENTRY;2026.09.22 19:23:01;c;buy;75;0;4325.99;4325.45;4325.99;54;-99;159;-164;-551;4325.66;4326.75;4325.36;4325.43;4326.75;4323.53;4326.75;4322.47;4337.83;4322.47;1560;1550;;;;;;;;;;;;;;;;;;;;;;;;;;;;;
ENTRY;2026.09.22 19:23:02;b;sell;76;0;4325.45;4325.36;4325.9;54;-108;150;-173;-560;4325.66;4326.75;4325.36;4325.43;4326.75;4323.53;4326.75;4322.47;4337.83;4322.47;1261;1198;;;;;;;;;;;;;;;;;;;;;;;;;;;;;
BASKET_CLOSE;2026.09.22 19:25:07;c;buy;75;;;;;;;;;;;;;;;;;;;;;;;;;;;;;;;;;;1;0.1;4325.99;4326.76;77;12;126;126;143;2026.09.22 19:25:00;7;106;2026.09.22 19:25:00;-44;;;
NANPIN;2026.09.22 19:30:01;b;sell;76;1;4327.09;4327.09;4327.62;53;;;;;;;;;;;;;;;;;4325.45;2026.09.22 19:23:02;419;1.5;164;300;2026.09.22 19:30:00;4328.45;4324.93;136;2026.09.22 19:30:02;0;;;;;;;;;;;;;;;;;
BASKET_CLOSE;2026.09.22 19:30:29;b;buy;68;;;;;;;;;;;;;;;;;;;;;;;;;;;;;;;;;;7;4.43;4326.542;4328.299;175.7;1268;791;4469;190.8;2026.09.22 19:30:00;29;329.2;2026.09.22 19:30:00;16.8;;;leg_missing
ENTRY;2026.09.22 19:35:00;b;buy;77;0;4329.23;4328.61;4329.16;55;154;287;486;494;4326.47;4328.63;4326.44;4328.63;4328.63;4326.03;4328.63;4324.28;4332.2;4322.47;4740;271;;;;;;;;;;;;;;;;;;;;;;;;;;;;;
NANPIN;2026.09.22 19:37:09;b;sell;76;2;4328.28;4328.26;4328.8;54;;;;;;;;;;;;;;;;;4327.09;2026.09.22 19:30:01;428;1.533;119;167;2026.09.22 19:37:00;4328.76;4326.03;48;2026.09.22 19:37:01;8;;;;;;;;;;;;;;;;;
BASKET_CLOSE;2026.09.22 19:42:16;b;buy;77;;;;;;;;;;;;;;;;;;;;;;;;;;;;;;;;;;1;0.1;4329.23;4329.96;73;11;436;436;167;2026.09.22 19:42:00;16;207;2026.09.22 19:42:00;33;;;
NANPIN;2026.09.22 19:44:10;b;sell;76;3;4330.6;4330.7;4331.24;54;;;;;;;;;;;;;;;;;4328.28;2026.09.22 19:37:09;421;1.478;232;395;2026.09.22 19:44:00;4332.23;4327.63;163;2026.09.22 19:44:09;1;;;;;;;;;;;;;;;;;
NANPIN;2026.09.22 19:53:24;b;sell;76;4;4336.77;4336.79;4337.33;54;;;;;;;;;;;;;;;;;4330.6;2026.09.22 19:44:10;554;1.5;617;1123;2026.09.22 19:51:00;4341.83;4330.34;506;2026.09.22 19:51:10;134;;;;;;;;;;;;;;;;;
ENTRY;2026.09.22 20:00:01;b;buy;78;0;4336.39;4335.68;4336.22;54;-20;-383;765;377;4336.27;4336.69;4335.9;4336.07;4338.98;4334.46;4341.83;4331.05;4341.83;4322.47;1501;1065;;;;;;;;;;;;;;;;;;;;;;;;;;;;;
ENTRY;2026.09.22 20:00:02;a;buy;79;0;4336.13;4335.6;4336.14;54;-28;-391;757;369;4336.27;4336.69;4335.9;4336.07;4338.98;4334.46;4341.83;4331.05;4341.83;4322.47;6301;6283;;;;;;;;;;;;;;;;;;;;;;;;;;;;;
BASKET_CLOSE;2026.09.22 20:01:02;a;buy;79;;;;;;;;;;;;;;;;;;;;;;;;;;;;;;;;;;1;0.1;4336.13;4336.78;65;10;60;60;100;2026.09.22 20:01:00;2;160;2026.09.22 20:01:00;6;;;
BASKET_CLOSE;2026.09.22 20:01:49;b;buy;78;;;;;;;;;;;;;;;;;;;;;;;;;;;;;;;;;;1;0.1;4336.39;4337.09;70;11;108;108;74;2026.09.22 20:01:00;49;186;;;;;
ENTRY;2026.09.22 20:07:00;c;buy;80;0;4340.64;4340.15;4340.7;55;326;440;860;824;4338.36;4340.29;4338.15;4340.12;4340.29;4335.71;4340.29;4334.46;4341.83;4322.47;2639;2513;;;;;;;;;;;;;;;;;;;;;;;;;;;;;
NANPIN;2026.09.22 20:14:01;c;buy;80;1;4339.45;4338.91;4339.45;54;;;;;;;;;;;;;;;;;4340.64;2026.09.22 20:07:00;421;1.5;119;336;2026.09.22 20:10:00;4340.69;4336.73;217;2026.09.22 20:14:00;1;;;;;;;;;;;;;;;;;
ENTRY;2026.09.22 20:15:00;a;buy;81;0;4338.2;4337.67;4338.2;53;-131;78;141;160;4338.89;4339.16;4337.05;4337.57;4339.62;4336.73;4340.69;4334.53;4341.83;4323.25;898;838;;;;;;;;;;;;;;;;;;;;;;;;;;;;;
BASKET_CLOSE;2026.09.22 20:15:58;a;buy;81;;;;;;;;;;;;;;;;;;;;;;;;;;;;;;;;;;1;0.1;4338.2;4338.96;76;12;58;58;100;2026.09.22 20:15:00;58;132;2026.09.22 20:15:00;-132;;;
ENTRY;2026.09.22 20:17:01;b;buy;82;0;4339.19;4338.68;4339.22;54;111;-144;280;261;4339.2;4340.01;4338.57;4338.69;4340.01;4336.88;4340.69;4335.71;4341.83;4323.25;1020;912;;;;;;;;;;;;;;;;;;;;;;;;;;;;;
ENTRY;2026.09.22 20:18:00;c;sell;83;0;4337.82;4337.88;4338.41;53;-129;-105;146;181;4338.68;4338.79;4337.45;4337.88;4340.01;4336.88;4340.69;4336.55;4341.83;4323.53;4200;4140;;;;;;;;;;;;;;;;;;;;;;;;;;;;;
NANPIN;2026.09.22 20:22:36;c;buy;80;2;4338.11;4337.73;4338.27;54;;;;;;;;;;;;;;;;;4339.45;2026.09.22 20:14:01;515;1.533;134;219;2026.09.22 20:19:00;4340.01;4336.72;85;2026.09.22 20:22:00;36;;;;;;;;;;;;;;;;;
BASKET_CLOSE;2026.09.22 20:23:39;c;sell;83;;;;;;;;;;;;;;;;;;;;;;;;;;;;;;;;;;1;0.1;4337.82;4337.19;63;10;339;339;91;2026.09.22 20:23:00;39;234;;;;;
NANPIN;2026.09.22 20:24:01;b;buy;82;1;4337.33;4336.74;4337.27;53;;;;;;;;;;;;;;;;;4339.19;2026.09.22 20:17:01;420;1.5;186;237;2026.09.22 20:24:00;4339.63;4336.28;51;2026.09.22 20:24:01;0;;;;;;;;;;;;;;;;;
NANPIN;2026.09.22 20:28:04;b;sell;76;5;4337.19;4337.3;4337.83;53;;;;;;;;;;;;;;;;;4336.77;2026.09.22 19:53:24;2080;1.49;42;392;2026.09.22 20:07:00;4340.69;4334.46;350;2026.09.22 20:05:00;1384;;;;;;;;;;;;;;;;;
BASKET_CLOSE;2026.09.22 20:30:00;b;buy;82;;;;;;;;;;;;;;;;;;;;;;;;;;;;;;;;;;2;0.25;4338.074;4339.395;132.1;52;359;779;193.6;2026.09.22 20:30:00;0;268.4;2026.09.22 20:29:00;-131.4;;;
ENTRY;2026.09.22 20:30:01;a;buy;84;0;4339.91;4339.59;4340.11;52;208;216;268;202;4337.44;4339.49;4336.76;4339.23;4339.49;4335.39;4340.01;4335.39;4341.83;4326.03;901;843;;;;;;;;;;;;;;;;;;;;;;;;;;;;;
NANPIN;2026.09.22 20:33:10;c;buy;80;3;4336.81;4336.32;4336.86;54;;;;;;;;;;;;;;;;;4338.11;2026.09.22 20:22:36;634;1.478;130;218;2026.09.22 20:26:00;4340.01;4335.39;88;2026.09.22 20:32:00;70;;;;;;;;;;;;;;;;;
ENTRY;2026.09.22 20:35:01;a;sell;85;0;4336.43;4336.4;4336.94;54;-17;9;-277;-117;4335.74;4336.39;4334.75;4336.39;4340.01;4334.75;4340.01;4334.75;4341.83;4327.16;;;;;;;;;;;;;;;;;;;;;;;;;;;;;;;
ENTRY;2026.09.22 20:37:01;b;buy;86;0;4336.71;4336.16;4336.69;53;-23;-62;-172;-141;4336.45;4336.95;4336.06;4336.17;4337.86;4334.75;4340.01;4334.75;4341.83;4327.63;1200;421;;;;;;;;;;;;;;;;;;;;;;;;;;;;;
NANPIN;2026.09.22 20:37:02;a;buy;84;1;4336.73;4336.18;4336.72;54;;;;;;;;;;;;;;;;;4339.91;2026.09.22 20:30:01;421;1.5;318;464;2026.09.22 20:34:00;4340.01;4334.75;146;2026.09.22 20:37:01;1;;;;;;;;;;;;;;;;;
BASKET_CLOSE;2026.09.22 20:37:20;b;buy;86;;;;;;;;;;;;;;;;;;;;;;;;;;;;;;;;;;1;0.1;4336.71;4337.44;73;11;19;19;77;2026.09.22 20:37:00;20;56;;;;;
ENTRY;2026.09.22 20:40:01;c;sell;87;0;4336.32;4336.25;4336.79;54;-86;-298;-314;-132;4337.22;4337.22;4336.17;4336.37;4337.66;4335.83;4340.01;4334.75;4341.83;4327.63;1321;982;;;;;;;;;;;;;;;;;;;;;;;;;;;;;
NANPIN;2026.09.22 20:42:33;a;sell;85;1;4337.69;4337.7;4338.24;54;;;;;;;;;;;;;;;;;4336.43;2026.09.22 20:35:01;452;1.5;126;183;2026.09.22 20:42:00;4338.26;4335.59;57;2026.09.22 20:42:01;32;;;;;;;;;;;;;;;;;
NANPIN;2026.09.22 20:43:48;b;sell;76;6;4338.55;4338.54;4339.08;54;;;;;;;;;;;;;;;;;4337.19;2026.09.22 20:28:04;944;1.5;136;282;2026.09.22 20:30:00;4340.01;4334.75;146;2026.09.22 20:43:00;48;;;;;;;;;;;;;;;;;
BASKET_CLOSE;2026.09.22 20:46:00;a;buy;84;;;;;;;;;;;;;;;;;;;;;;;;;;;;;;;;;;2;0.25;4338.002;4339.445;144.3;57;538;959;150.8;2026.09.22 20:46:00;0;241.2;2026.09.22 20:45:00;13.8;;;
ENTRY;2026.09.22 20:46:00;c;buy;88;0;4340;4339.47;4340;53;116;302;269;24;4338.52;4339.49;4338.14;4339.49;4339.49;4336.13;4339.49;4334.75;4341.83;4331.05;2340;4853;;;;;;;;;;;;;;;;;;;;;;;;;;;;;
BASKET_CLOSE;2026.09.22 20:46:03;c;buy;80;;;;;;;;;;;;;;;;;;;;;;;;;;;;;;;;;;4;0.82;4338.125;4339.49;136.5;176;773;2343;138.5;2026.09.22 20:46:00;3;337.5;2026.09.22 20:45:00;1.5;;;
NANPIN;2026.09.22 20:47:02;c;sell;87;1;4338.68;4338.68;4339.22;54;;;;;;;;;;;;;;;;;4336.32;2026.09.22 20:40:01;421;1.5;236;398;2026.09.22 20:47:00;4340.3;4335.59;162;2026.09.22 20:47:01;1;;;;;;;;;;;;;;;;;
NANPIN;2026.09.22 20:49:34;a;sell;85;2;4339.68;4339.68;4340.22;54;;;;;;;;;;;;;;;;;4337.69;2026.09.22 20:42:33;421;1.533;199;274;2026.09.22 20:48:00;4340.43;4336.16;75;2026.09.22 20:49:33;1;;;;;;;;;;;;;;;;;
ENTRY;2026.09.22 20:50:01;a;buy;89;0;4340.32;4339.76;4340.3;54;-49;339;88;53;4339.77;4340.16;4339.42;4339.73;4340.43;4338.14;4340.43;4335.59;4341.83;4334.46;1200;241;;;;;;;;;;;;;;;;;;;;;;;;;;;;;
BASKET_CLOSE;2026.09.22 20:52:18;a;buy;89;;;;;;;;;;;;;;;;;;;;;;;;;;;;;;;;;;1;0.1;4340.32;4341.35;103;16;137;137;738;2026.09.22 20:52:00;18;115;2026.09.22 20:52:00;-43;;;
BASKET_CLOSE;2026.09.22 20:52:20;c;buy;88;;;;;;;;;;;;;;;;;;;;;;;;;;;;;;;;;;1;0.1;4340;4341.33;133;21;380;380;770;2026.09.22 20:52:00;20;146;2026.09.22 20:52:00;-11;;;
ENTRY;2026.09.22 20:53:01;b;buy;90;0;4348.03;4347.14;4347.68;54;756;929;1138;791;4340.15;4347.7;4339.89;4347.44;4347.7;4339.17;4347.7;4335.59;4347.7;4334.46;960;941;;;;;;;;;;;;;;;;;;;;;;;;;;;;;
BASKET_CLOSE;2026.09.22 20:54:07;b;buy;90;;;;;;;;;;;;;;;;;;;;;;;;;;;;;;;;;;1;0.1;4348.03;4349.35;132;21;66;66;462;2026.09.22 20:54:00;7;318;2026.09.22 20:54:00;-217;;;
ENTRY;2026.09.22 21:00:00;a;buy;91;0;4351.02;4350.4;4350.93;53;164;1067;1385;1190;4350.32;4352.35;4349.75;4350.58;4352.35;4348.19;4352.65;4338.14;4352.65;4334.53;599;462;;;;;;;;;;;;;;;;;;;;;;;;;;;;;
BASKET_CLOSE;2026.09.22 21:04:07;a;buy;91;;;;;;;;;;;;;;;;;;;;;;;;;;;;;;;;;;1;0.1;4351.02;4352.96;194;31;247;247;204;2026.09.22 21:04:00;7;364;2026.09.22 21:04:00;-139;;;
ENTRY;2026.09.22 21:05:00;b;buy;92;0;4352.37;4351.84;4352.37;53;387;255;1235;1334;4349.78;4353.06;4349.63;4351.63;4353.06;4347.38;4353.06;4339.17;4353.06;4334.75;719;653;;;;;;;;;;;;;;;;;;;;;;;;;;;;;
BASKET_CLOSE;2026.09.22 21:05:24;b;buy;92;;;;;;;;;;;;;;;;;;;;;;;;;;;;;;;;;;1;0.1;4352.37;4353.1;73;11;24;24;321;2026.09.22 21:05:00;24;86;2026.09.22 21:05:00;-86;;;
ENTRY;2026.09.22 21:22:00;b;buy;93;0;4358.01;4357.53;4358.07;54;-41;62;956;695;4359.79;4359.81;4356.78;4357.19;4360.14;4356.78;4360.38;4354.15;4360.38;4334.75;1020;996;;;;;;;;;;;;;;;;;;;;;;;;;;;;;
ENTRY;2026.09.22 21:24:12;a;buy;94;0;4355.33;4354.97;4355.52;55;-222;-243;334;439;4356.52;4356.99;4355.02;4355.26;4359.95;4355.02;4360.38;4355.02;4360.38;4334.75;1452;1205;;;;;;;;;;;;;;;;;;;;;;;;;;;;;
BASKET_CLOSE;2026.09.22 21:26:21;a;buy;94;;;;;;;;;;;;;;;;;;;;;;;;;;;;;;;;;;1;0.1;4355.33;4356.07;74;12;129;129;204;2026.09.22 21:26:00;21;137;2026.09.22 21:26:00;-81;;;
NANPIN;2026.09.22 21:29:01;b;buy;93;1;4356.06;4355.55;4356.09;54;;;;;;;;;;;;;;;;;4358.01;2026.09.22 21:22:00;421;1.5;195;351;2026.09.22 21:25:00;4358.6;4353.96;156;2026.09.22 21:29:00;1;;;;;;;;;;;;;;;;;
NANPIN;2026.09.22 21:33:34;a;sell;85;3;4353.47;4353.61;4354.15;54;;;;;;;;;;;;;;;;;4339.68;2026.09.22 20:49:34;2640;1.478;1379;2070;2026.09.22 21:16:00;4360.38;4339.17;691;2026.09.22 20:56:34;2220;;;;;;;;;;;;;;;;;
NANPIN;2026.09.22 21:34:02;b;sell;76;7;4353.22;4353.33;4353.88;55;;;;;;;;;;;;;;;;;4338.55;2026.09.22 20:43:48;3014;1.5;1467;2183;2026.09.22 21:16:00;4360.38;4337.69;716;2026.09.22 20:50:48;2594;;;;;;;;;;;;;;;;;
NANPIN;2026.09.22 21:34:03;c;sell;87;2;4353.33;4353.69;4354.24;55;;;;;;;;;;;;;;;;;4338.68;2026.09.22 20:47:02;2821;1.533;1465;2170;2026.09.22 21:16:00;4360.38;4338.6;705;2026.09.22 20:54:02;2401;;;;;;;;;;;;;;;;;
NANPIN;2026.09.22 21:36:02;b;buy;93;2;4352.61;4352.09;4352.63;54;;;;;;;;;;;;;;;;;4356.06;2026.09.22 21:29:01;421;1.533;345;530;2026.09.22 21:36:00;4356.89;4350.22;185;2026.09.22 21:36:01;1;;;;;;;;;;;;;;;;;
NANPIN;2026.09.22 21:43:09;b;buy;93;3;4351.33;4350.78;4351.32;54;;;;;;;;;;;;;;;;;4352.61;2026.09.22 21:36:02;427;1.478;128;333;2026.09.22 21:41:00;4353.38;4348.74;205;2026.09.22 21:43:02;7;;;;;;;;;;;;;;;;;
ENTRY;2026.09.22 21:52:01;c;buy;95;0;4354.1;4353.7;4354.24;54;69;340;-109;-255;4352.62;4353.62;4352.16;4353.62;4353.87;4351.76;4353.87;4348.74;4360.38;4339.89;3961;3581;;;;;;;;;;;;;;;;;;;;;;;;;;;;;
ENTRY;2026.09.22 22:00:01;a;buy;96;0;4353.99;4353.61;4354.15;54;227;60;218;345;4353.05;4353.45;4352.58;4353.35;4353.45;4350.95;4354.22;4350.21;4360.38;4347.38;2149;2020;;;;;;;;;;;;;;;;;;;;;;;;;;;;;
NANPIN;2026.09.22 22:00:41;b;sell;76;8;4354.95;4354.95;4355.49;54;;;;;;;;;;;;;;;;;4353.22;2026.09.22 21:34:02;1599;1.497;173;228;2026.09.22 22:00:00;4355.5;4348.74;55;2026.09.22 22:00:00;41;;;;;;;;;;;;;;;;;
BASKET_CLOSE;2026.09.22 22:00:42;c;buy;95;;;;;;;;;;;;;;;;;;;;;;;;;;;;;;;;;;1;0.1;4354.1;4354.95;85;13;521;521;140;2026.09.22 22:00:00;42;315;2026.09.22 22:00:00;-85;;;
NANPIN;2026.09.22 22:00:42;c;sell;87;3;4354.96;4354.96;4355.5;54;;;;;;;;;;;;;;;;;4353.33;2026.09.22 21:34:03;1599;1.478;163;217;2026.09.22 22:00:00;4355.5;4348.74;54;2026.09.22 22:00:00;42;;;;;;;;;;;;;;;;;
BASKET_CLOSE;2026.09.22 22:00:43;a;buy;96;;;;;;;;;;;;;;;;;;;;;;;;;;;;;;;;;;1;0.1;4353.99;4354.96;97;15;42;42;151;2026.09.22 22:00:00;43;74;2026.09.22 22:00:00;-74;;;
NANPIN;2026.09.22 22:00:43;a;sell;85;4;4354.98;4355.03;4355.56;53;;;;;;;;;;;;;;;;;4353.47;2026.09.22 21:33:34;1629;1.5;151;203;2026.09.22 22:00:00;4355.5;4348.74;52;2026.09.22 22:00:00;43;;;;;;;;;;;;;;;;;
BASKET_CLOSE;2026.09.22 22:00:45;b;buy;93;;;;;;;;;;;;;;;;;;;;;;;;;;;;;;;;;;4;0.82;4353.369;4355.028;165.9;212;1056;2325;213.1;2026.09.22 22:00:00;45;382.9;2026.09.22 22:00:00;-11.9;;;
ENTRY;2026.09.22 22:01:01;c;buy;97;0;4355.42;4354.83;4355.36;53;190;222;453;467;4353.36;4355.5;4353.25;4354.87;4355.5;4350.95;4355.5;4350.95;4360.38;4347.38;540;19;;;;;;;;;;;;;;;;;;;;;;;;;;;;;
ENTRY;2026.09.22 22:06:00;b;buy;98;0;4354.94;4354.46;4355;54;26;267;138;430;4354.59;4354.73;4353.49;4354.45;4355.59;4353.49;4355.59;4350.95;4360.38;4348.74;2640;315;;;;;;;;;;;;;;;;;;;;;;;;;;;;;
BASKET_CLOSE;2026.09.22 22:06:10;b;buy;98;;;;;;;;;;;;;;;;;;;;;;;;;;;;;;;;;;1;0.1;4354.94;4355.87;93;15;10;10;214;2026.09.22 22:06:00;10;54;2026.09.22 22:06:00;-54;;;
BASKET_CLOSE;2026.09.22 22:06:31;c;buy;97;;;;;;;;;;;;;;;;;;;;;;;;;;;;;;;;;;1;0.1;4355.42;4356.32;90;14;330;330;166;2026.09.22 22:06:00;31;193;2026.09.22 22:06:00;-102;;;
ENTRY;2026.09.22 22:16:00;b;buy;99;0;4358.69;4358.04;4358.58;54;57;359;700;469;4358.04;4358.8;4357.99;4358.07;4358.93;4356.89;4358.93;4353.49;4360.38;4348.74;600;590;;;;;;;;;;;;;;;;;;;;;;;;;;;;;
NANPIN;2026.09.22 22:17:24;a;sell;85;5;4356.65;4356.54;4357.08;54;;;;;;;;;;;;;;;;;4354.98;2026.09.22 22:00:43;1001;1.49;167;395;2026.09.22 22:12:00;4358.93;4353.25;228;2026.09.22 22:07:43;581;;;;;;;;;;;;;;;;;
NANPIN;2026.09.22 22:17:25;b;sell;76;9;4356.61;4356.55;4357.09;54;;;;;;;;;;;;;;;;;4354.95;2026.09.22 22:00:41;1004;1.5;166;398;2026.09.22 22:12:00;4358.93;4353.25;232;2026.09.22 22:07:41;584;;;;;;;;;;;;;;;;;
NANPIN;2026.09.22 22:17:26;c;sell;87;4;4356.6;4356.55;4357.09;54;;;;;;;;;;;;;;;;;4354.96;2026.09.22 22:00:42;1004;1.5;164;397;2026.09.22 22:12:00;4358.93;4353.25;233;2026.09.22 22:07:42;584;;;;;;;;;;;;;;;;;
BASKET_CLOSE;2026.09.22 22:25:30;b;buy;99;;;;;;;;;;;;;;;;;;;;;;;;;;;;;;;;;;1;0.1;4358.69;4359.61;92;14;570;570;242;2026.09.22 22:25:00;30;248;2026.09.22 22:25:00;-110;;;
ENTRY;2026.09.22 22:27:01;c;buy;100;0;4358.91;4358.37;4358.91;54;-60;67;196;502;4360.21;4360.21;4357.99;4358.45;4361.11;4356.79;4361.11;4356.21;4361.11;4348.74;1560;1230;;;;;;;;;;;;;;;;;;;;;;;;;;;;;
BASKET_CLOSE;2026.09.22 22:29:36;c;buy;100;;;;;;;;;;;;;;;;;;;;;;;;;;;;;;;;;;1;0.1;4358.91;4359.81;90;14;155;155;104;2026.09.22 22:29:00;36;168;2026.09.22 22:29:00;-100;;;
ENTRY;2026.09.22 22:30:00;b;buy;101;0;4360.45;4359.86;4360.41;55;248;198;230;185;4358.26;4359.95;4357.91;4359.67;4361.11;4357.23;4361.11;4356.21;4361.11;4348.74;840;270;;;;;;;;;;;;;;;;;;;;;;;;;;;;;
BASKET_CLOSE;2026.09.22 22:30:18;b;buy;101;;;;;;;;;;;;;;;;;;;;;;;;;;;;;;;;;;1;0.1;4360.45;4361.12;67;11;18;18;154;2026.09.22 22:30:00;18;79;2026.09.22 22:30:00;-79;;;
ENTRY;2026.09.22 22:46:00;b;buy;102;0;4369.74;4369.14;4369.68;54;72;-62;1069;947;4369.1;4369.88;4368.86;4369.15;4370.42;4366.75;4371.07;4361.54;4371.07;4350.95;960;942;;;;;;;;;;;;;;;;;;;;;;;;;;;;;
NANPIN;2026.09.22 22:53:24;b;buy;102;1;4368.43;4367.93;4368.47;54;;;;;;;;;;;;;;;;;4369.74;2026.09.22 22:46:00;444;1.5;131;192;2026.09.22 22:50:00;4370.31;4367.28;61;2026.09.22 22:53:00;24;;;;;;;;;;;;;;;;;
NANPIN;2026.09.22 22:55:20;a;sell;85;6;4365.6;4365.6;4366.13;53;;;;;;;;;;;;;;;;;4356.65;2026.09.22 22:17:24;2276;1.5;895;1442;2026.09.22 22:37:00;4371.07;4356.21;547;2026.09.22 22:24:24;1856;;;;;;;;;;;;;;;;;
NANPIN;2026.09.22 22:55:21;b;sell;76;10;4365.52;4365.52;4366.06;54;;;;;;;;;;;;;;;;;4356.61;2026.09.22 22:17:25;2276;1.201;891;1446;2026.09.22 22:37:00;4371.07;4356.21;555;2026.09.22 22:24:25;1856;;;;;;;;;;;;;;;;;
NANPIN;2026.09.22 22:55:22;c;sell;87;5;4365.59;4365.6;4366.13;53;;;;;;;;;;;;;;;;;4356.6;2026.09.22 22:17:26;2276;1.49;899;1447;2026.09.22 22:37:00;4371.07;4356.21;548;2026.09.22 22:24:26;1856;;;;;;;;;;;;;;;;;
NANPIN;2026.09.22 23:00:25;b;buy;102;2;4364.07;4363.54;4364.08;54;;;;;;;;;;;;;;;;;4368.43;2026.09.22 22:53:24;421;1.533;436;460;2026.09.22 22:59:00;4368.66;4363.29;24;2026.09.22 23:00:24;1;;;;;;;;;;;;;;;;;
NANPIN;2026.09.22 23:07:28;b;buy;102;3;4361.43;4360.86;4361.41;55;;;;;;;;;;;;;;;;;4364.07;2026.09.22 23:00:25;423;1.478;264;291;2026.09.22 23:06:00;4364.43;4360.62;27;2026.09.22 23:07:25;3;;;;;;;;;;;;;;;;;
NANPIN;2026.09.22 23:14:28;b;buy;102;4;4359.07;4358.53;4359.07;54;;;;;;;;;;;;;;;;;4361.43;2026.09.22 23:07:28;420;1.5;236;255;2026.09.22 23:14:00;4362.94;4358.33;19;2026.09.22 23:14:28;0;;;;;;;;;;;;;;;;;
ENTRY;2026.09.22 23:27:01;c;buy;103;0;4360.16;4359.64;4360.18;54;-56;5;-207;-426;4359.47;4359.74;4359.21;4359.55;4360.49;4358.13;4360.78;4358.13;4371.07;4357.23;3600;3445;;;;;;;;;;;;;;;;;;;;;;;;;;;;;
NANPIN;2026.09.22 23:35:40;c;buy;103;1;4358.83;4358.28;4358.83;55;;;;;;;;;;;;;;;;;4360.16;2026.09.22 23:27:01;519;1.5;133;182;2026.09.22 23:35:00;4360.03;4357.8;49;2026.09.22 23:34:01;99;;;;;;;;;;;;;;;;;
NANPIN;2026.09.22 23:37:41;b;buy;102;5;4357.87;4357.36;4357.91;55;;;;;;;;;;;;;;;;;4359.07;2026.09.22 23:14:28;1393;1.49;120;121;2026.09.22 23:37:00;4360.49;4357.32;1;2026.09.22 23:37:00;41;;;;;;;;;;;;;;;;;
BASKET_CLOSE;2026.09.23 01:01:00;b;buy;102;;;;;;;;;;;;;;;;;;;;;;;;;;;;;;;;;;6;2.09;4360.75;;;;4999;8100;;;;;;;;;close_not_logged
BASKET_CLOSE;2026.09.23 01:01:00;c;buy;103;;;;;;;;;;;;;;;;;;;;;;;;;;;;;;;;;;2;0.25;4359.362;;;;5120;5639;;;;;;;;;close_not_logged
ENTRY;2026.09.23 01:05:00;a;buy;104;0;4363.71;4363.36;4363.92;56;192;;;;4362.01;4363.63;4361.58;4363.11;4363.63;4358.81;4363.63;4358.81;4363.63;4358.81;11099;11057;;;;;;;;;;;;;;;;;;;;;;;;;;;;;
BASKET_CLOSE;2026.09.23 01:06:28;a;buy;104;;;;;;;;;;;;;;;;;;;;;;;;;;;;;;;;;;1;0.1;4363.71;4364.43;72;11;88;88;72;2026.09.23 01:06:00;28;68;;;;;
ENTRY;2026.09.23 01:13:00;b;buy;105;0;4364.09;4363.47;4364.02;55;184;203;;;4362;4363.88;4362;4363.56;4363.88;4361.16;4364.43;4358.81;4364.43;4358.81;8820;720;;;;;;;;;;;;;;;;;;;;;;;;;;;;;
ENTRY;2026.09.23 01:15:00;a;buy;106;0;4364.14;4363.82;4364.37;55;26;71;;;4362.82;4364.18;4362.82;4364.1;4364.18;4361.16;4364.43;4358.81;4364.43;4358.81;600;512;;;;;;;;;;;;;;;;;;;;;;;;;;;;;
ENTRY;2026.09.23 01:20:00;c;buy;107;0;4364.1;4363.41;4363.96;55;43;140;302;;4363.34;4363.83;4362.71;4363.67;4364.07;4362.69;4364.43;4361.16;4364.43;4358.81;6779;1140;;;;;;;;;;;;;;;;;;;;;;;;;;;;;
NANPIN;2026.09.23 01:20:18;b;buy;105;1;4362.88;4362.33;4362.88;55;;;;;;;;;;;;;;;;;4364.09;2026.09.23 01:13:00;438;1.5;121;122;2026.09.23 01:20:00;4364.18;4362.32;1;2026.09.23 01:20:00;18;;;;;;;;;;;;;;;;;
NANPIN;2026.09.23 01:22:13;a;buy;106;1;4362.83;4362.3;4362.84;54;;;;;;;;;;;;;;;;;4364.14;2026.09.23 01:15:00;433;1.5;131;133;2026.09.23 01:22:00;4364.07;4362.26;2;2026.09.23 01:22:00;13;;;;;;;;;;;;;;;;;
BASKET_CLOSE;2026.09.23 01:29:02;a;buy;106;;;;;;;;;;;;;;;;;;;;;;;;;;;;;;;;;;2;0.25;4363.354;4364.425;107.1;44;409;842;175.6;2026.09.23 01:29:00;2;117.4;2026.09.23 01:29:00;-63.4;;;
BASKET_CLOSE;2026.09.23 01:29:02;b;buy;105;;;;;;;;;;;;;;;;;;;;;;;;;;;;;;;;;;2;0.25;4363.364;4363.18;-18.4;-4;524;962;174.6;2026.09.23 01:29:00;2;118.4;2026.09.23 01:29:00;-64.4;;;
BASKET_CLOSE;2026.09.23 01:29:59;c;buy;107;;;;;;;;;;;;;;;;;;;;;;;;;;;;;;;;;;1;0.1;4364.1;4364.79;69;11;599;599;101;2026.09.23 01:29:00;59;192;2026.09.23 01:29:00;-138;;;
ENTRY;2026.09.23 01:30:01;a;buy;108;0;4364.51;4363.78;4364.31;53;-24;11;215;-32;4364.42;4365.11;4362.72;4364.51;4365.11;4362.72;4365.11;4362.18;4365.11;4358.81;901;59;;;;;;;;;;;;;;;;;;;;;;;;;;;;;
ENTRY;2026.09.23 01:31:00;c;buy;109;0;4364.13;4363.6;4364.13;53;-61;77;162;-50;4364.59;4364.59;4363.18;4363.6;4365.11;4362.72;4365.11;4362.18;4365.11;4358.81;660;61;;;;;;;;;;;;;;;;;;;;;;;;;;;;;
ENTRY;2026.09.23 01:34:00;b;buy;110;0;4364.89;4364.36;4364.89;53;58;200;26;26;4363.87;4364.47;4363.68;4364.27;4365.11;4362.72;4365.11;4362.18;4365.11;4358.81;1260;298;;;;;;;;;;;;;;;;;;;;;;;;;;;;;
BASKET_CLOSE;2026.09.23 01:34:12;c;buy;109;;;;;;;;;;;;;;;;;;;;;;;;;;;;;;;;;;1;0.1;4364.13;4365.12;99;16;192;192;99;2026.09.23 01:34:00;12;83;;;;;
NANPIN;2026.09.23 01:44:36;b;buy;110;1;4363.56;4362.97;4363.5;53;;;;;;;;;;;;;;;;;4364.89;2026.09.23 01:34:00;636;1.5;133;176;2026.09.23 01:44:00;4365.12;4362.6;43;2026.09.23 01:44:00;36;;;;;;;;;;;;;;;;;
NANPIN;2026.09.23 01:44:47;a;buy;108;1;4363.24;4362.71;4363.24;53;;;;;;;;;;;;;;;;;4364.51;2026.09.23 01:30:01;886;1.5;127;138;2026.09.23 01:44:00;4365.12;4362.6;11;2026.09.23 01:44:00;47;;;;;;;;;;;;;;;;;
NANPIN;2026.09.23 01:51:47;b;buy;110;2;4362.17;4361.63;4362.17;54;;;;;;;;;;;;;;;;;4363.56;2026.09.23 01:44:36;431;1.533;139;261;2026.09.23 01:50:00;4364.21;4360.42;122;2026.09.23 01:51:36;11;;;;;;;;;;;;;;;;;
NANPIN;2026.09.23 01:52:02;a;buy;108;2;4362.01;4361.47;4362.01;54;;;;;;;;;;;;;;;;;4363.24;2026.09.23 01:44:47;435;1.533;123;229;2026.09.23 01:50:00;4364.21;4360.42;106;2026.09.23 01:51:47;15;;;;;;;;;;;;;;;;;
BASKET_CLOSE;2026.09.23 02:00:35;a;buy;108;;;;;;;;;;;;;;;;;;;;;;;;;;;;;;;;;;3;0.48;4362.915;4363.75;83.5;63;513;1834;128.5;2026.09.23 02:00:00;35;161.5;2026.09.23 02:00:00;-90.5;;;
BASKET_CLOSE;2026.09.23 02:00:44;b;buy;110;;;;;;;;;;;;;;;;;;;;;;;;;;;;;;;;;;3;0.48;4363.171;4363.74;56.9;61;537;1604;102.9;2026.09.23 02:00:00;44;257.1;2026.09.23 02:00:00;-116.1;;;close_missing
ENTRY;2026.09.23 02:05:01;a;buy;111;0;4363.74;4363.41;4363.95;54;80;119;102;65;4363.28;4363.5;4363.06;4363.43;4364.2;4362.01;4364.2;4360.42;4365.12;4360.42;2100;266;;;;;;;;;;;;;;;;;;;;;;;;;;;;;
NANPIN;2026.09.23 02:12:09;a;buy;111;1;4362.33;4361.86;4362.41;55;;;;;;;;;;;;;;;;;4363.74;2026.09.23 02:05:01;428;1.5;141;256;2026.09.23 02:12:00;4363.53;4360.64;115;2026.09.23 02:12:01;8;;;;;;;;;;;;;;;;;
NANPIN;2026.09.23 02:12:43;b;buy;;1;4362.12;;;;;;;;;;;;;;;;;;;;;;;;;;;;;;;;;;;;;;;;;;;;;;;;no_basket
BASKET_CLOSE;2026.09.23 02:19:15;a;buy;111;;;;;;;;;;;;;;;;;;;;;;;;;;;;;;;;;;2;0.25;4362.894;4364.44;154.6;61;426;854;275.6;2026.09.23 02:19:00;15;259.4;2026.09.23 02:19:00;67.6;;;
ENTRY;2026.09.23 02:20:01;a;buy;112;0;4365.64;4365.09;4365.64;55;226;221;229;296;4363.74;4365.65;4363.57;4365.13;4365.65;4360.3;4365.65;4360.3;4365.65;4360.3;900;46;;;;;;;;;;;;;;;;;;;;;;;;;;;;;
ENTRY;2026.09.23 02:23:01;c;buy;113;0;4364.7;4364.15;4364.69;54;85;344;93;202;4363.51;4364.96;4363.5;4364.36;4365.65;4362.79;4365.65;4360.3;4365.65;4360.3;3121;2929;;;;;;;;;;;;;;;;;;;;;;;;;;;;;
ENTRY;2026.09.23 02:24:01;b;buy;114;0;4364.71;4364.18;4364.71;53;70;296;75;205;4364.21;4364.37;4363.88;4364.17;4365.65;4363.13;4365.65;4360.3;4365.65;4360.3;3001;1397;;;;;;;;;;;;;;;;;;;;;;;;;;;;;
NANPIN;2026.09.23 02:27:04;a;buy;112;1;4363;4362.45;4363;55;;;;;;;;;;;;;;;;;4365.64;2026.09.23 02:20:01;423;1.5;264;293;2026.09.23 02:27:00;4365.13;4362.16;29;2026.09.23 02:27:01;3;;;;;;;;;;;;;;;;;
NANPIN;2026.09.23 02:35:16;b;buy;114;1;4363.45;4362.9;4363.45;55;;;;;;;;;;;;;;;;;4364.71;2026.09.23 02:24:01;675;1.5;126;202;2026.09.23 02:27:00;4364.45;4362.16;76;2026.09.23 02:35:00;16;;;;;;;;;;;;;;;;;
NANPIN;2026.09.23 02:35:18;c;buy;113;1;4363.45;4362.95;4363.5;55;;;;;;;;;;;;;;;;;4364.7;2026.09.23 02:23:01;737;1.5;125;200;2026.09.23 02:27:00;4364.45;4362.16;75;2026.09.23 02:30:01;317;;;;;;;;;;;;;;;;;
NANPIN;2026.09.23 02:36:14;a;buy;112;2;4361.2;4361;4361.55;55;;;;;;;;;;;;;;;;;4363;2026.09.23 02:27:04;550;1.533;180;195;2026.09.23 02:36:00;4364.45;4360.5;15;2026.09.23 02:36:00;14;;;;;;;;;;;;;;;;;
BASKET_CLOSE;2026.09.23 02:36:53;a;buy;112;;;;;;;;;;;;;;;;;;;;;;;;;;;;;;;;;;3;0.48;4362.688;4363.07;38.2;27;39;1012;103.2;2026.09.23 02:36:00;53;218.8;2026.09.23 02:36:00;-218.8;;;
ENTRY;2026.09.23 02:36:53;a;buy;115;0;4363.72;4363.17;4363.72;55;-26;50;229;184;4363.34;4363.35;4362.77;4363.23;4364.45;4362.77;4364.96;4362.16;4365.65;4360.3;1012;1058;;;;;;;;;;;;;;;;;;;;;;;;;;;;;
BASKET_CLOSE;2026.09.23 02:41:54;a;buy;115;;;;;;;;;;;;;;;;;;;;;;;;;;;;;;;;;;1;0.1;4363.72;4364.4;68;11;301;301;71;2026.09.23 02:41:00;54;322;;;;;
ENTRY;2026.09.23 02:45:01;a;buy;116;0;4364.24;4363.78;4364.32;54;-8;45;111;1;4364.19;4364.48;4362.94;4363.69;4364.51;4362.79;4364.51;4360.5;4365.65;4360.3;488;187;;;;;;;;;;;;;;;;;;;;;;;;;;;;;
NANPIN;2026.09.23 02:47:14;b;buy;114;2;4362.37;4361.81;4362.35;54;;;;;;;;;;;;;;;;;4363.45;2026.09.23 02:35:16;718;1.533;108;241;2026.09.23 02:47:00;4364.51;4360.49;133;2026.09.23 02:47:00;14;;;;;;;;;;;;;;;;;
NANPIN;2026.09.23 02:47:15;c;buy;113;2;4362.14;4361.32;4361.86;54;;;;;;;;;;;;;;;;;4363.45;2026.09.23 02:35:18;717;1.533;131;241;2026.09.23 02:47:00;4364.51;4360.49;110;2026.09.23 02:47:00;15;;;;;;;;;;;;;;;;;
NANPIN;2026.09.23 02:52:02;a;buy;116;1;4359.17;4358.62;4359.17;55;;;;;;;;;;;;;;;;;4364.24;2026.09.23 02:45:01;421;1.5;507;542;2026.09.23 02:50:00;4363.81;4358.28;35;2026.09.23 02:52:01;1;;;;;;;;;;;;;;;;;
BASKET_CLOSE;2026.09.23 02:54:22;a;buy;116;;;;;;;;;;;;;;;;;;;;;;;;;;;;;;;;;;2;0.25;4361.198;4362.67;147.2;58;140;561;250.2;2026.09.23 02:54:00;22;263.8;2026.09.23 02:54:00;-20.8;;;
BASKET_CLOSE;2026.09.23 02:55:26;b;buy;114;;;;;;;;;;;;;;;;;;;;;;;;;;;;;;;;;;3;0.48;4363.195;4364.703;150.8;113;492;1885;233.5;2026.09.23 02:55:00;26;491.5;2026.09.23 02:55:00;-80.5;;;
BASKET_CLOSE;2026.09.23 02:55:27;c;buy;113;;;;;;;;;;;;;;;;;;;;;;;;;;;;;;;;;;3;0.48;4363.083;4364.733;165.1;124;492;1946;244.7;2026.09.23 02:55:00;27;480.3;2026.09.23 02:55:00;-69.3;;;
ENTRY;2026.09.23 03:00:00;c;buy;117;0;4363.61;4363.06;4363.61;55;-187;335;18;-63;4363.07;4364.23;4363.07;4363.5;4365.53;4362.03;4365.53;4358.28;4365.65;4358.28;2219;273;;;;;;;;;;;;;;;;;;;;;;;;;;;;;
BASKET_CLOSE;2026.09.23 03:00:34;c;buy;117;;;;;;;;;;;;;;;;;;;;;;;;;;;;;;;;;;1;0.1;4363.61;4364.57;96;15;34;34;98;2026.09.23 03:00:00;34;139;;;;;
NANPIN;2026.09.23 03:02:30;a;sell;85;7;4367.39;4367.41;4367.96;55;;;;;;;;;;;;;;;;;4365.6;2026.09.22 22:55:20;14830;1.5;179;337;2026.09.23 03:02:00;4368.97;4357.32;158;2026.09.23 03:02:00;30;;;;;;;;;;;;;;;;;
ENTRY;2026.09.23 03:03:00;b;buy;118;0;4368.89;4368.66;4369.21;55;566;821;446;497;4364.12;4368.97;4364.12;4368.34;4368.97;4362.22;4368.97;4358.28;4368.97;4358.28;2339;454;;;;;;;;;;;;;;;;;;;;;;;;;;;;;
NANPIN;2026.09.23 03:04:24;b;sell;76;11;4366.79;4367.23;4367.77;54;;;;;;;;;;;;;;;;;4365.52;2026.09.22 22:55:21;14943;1.202;127;345;2026.09.23 03:02:00;4368.97;4357.32;218;2026.09.23 03:02:00;144;;;;;;;;;;;;;;;;;
NANPIN;2026.09.23 03:04:25;c;sell;87;6;4367.23;4367.29;4367.83;54;;;;;;;;;;;;;;;;;4365.59;2026.09.22 22:55:22;14943;1.5;164;338;2026.09.23 03:02:00;4368.97;4357.32;174;2026.09.23 03:02:00;145;;;;;;;;;;;;;;;;;
ENTRY;2026.09.23 03:05:00;a;buy;119;0;4367.27;4366.72;4367.27;55;-162;304;376;303;4368.1;4368.32;4366.79;4366.98;4368.97;4362.22;4368.97;4358.28;4368.97;4358.28;1199;638;;;;;;;;;;;;;;;;;;;;;;;;;;;;;
NANPIN;2026.09.23 03:10:02;b;buy;118;1;4363.23;4362.72;4363.26;54;;;;;;;;;;;;;;;;;4368.89;2026.09.23 03:03:00;422;1.5;566;678;2026.09.23 03:08:00;4368.81;4361.56;112;2026.09.23 03:10:00;2;;;;;;;;;;;;;;;;;
NANPIN;2026.09.23 03:12:02;a;buy;119;1;4364.86;4364.37;4364.92;55;;;;;;;;;;;;;;;;;4367.27;2026.09.23 03:05:00;422;1.5;241;516;2026.09.23 03:08:00;4366.98;4361.56;275;2026.09.23 03:12:00;2;;;;;;;;;;;;;;;;;
ENTRY;2026.09.23 03:19:01;c;buy;120;0;4364.15;4363.52;4364.06;54;-152;157;2;2;4363.09;4363.97;4363.04;4363.75;4366.05;4363.04;4368.32;4361.56;4368.97;4358.28;1141;1107;;;;;;;;;;;;;;;;;;;;;;;;;;;;;
NANPIN;2026.09.23 03:20:09;a;buy;119;2;4363.67;4363.23;4363.77;54;;;;;;;;;;;;;;;;;4364.86;2026.09.23 03:12:02;487;1.533;119;320;2026.09.23 03:20:00;4366.06;4361.11;201;2026.09.23 03:20:00;9;;;;;;;;;;;;;;;;;
NANPIN;2026.09.23 03:20:18;b;buy;118;2;4361.75;4361.42;4361.95;53;;;;;;;;;;;;;;;;;4363.23;2026.09.23 03:10:02;616;1.533;148;158;2026.09.23 03:20:00;4366.06;4361.11;10;2026.09.23 03:20:00;18;;;;;;;;;;;;;;;;;
NANPIN;2026.09.23 03:26:02;c;buy;120;1;4361.77;4361.36;4361.9;54;;;;;;;;;;;;;;;;;4364.15;2026.09.23 03:19:01;421;1.5;238;398;2026.09.23 03:26:00;4364.79;4359.63;160;2026.09.23 03:26:01;1;;;;;;;;;;;;;;;;;
NANPIN;2026.09.23 03:27:10;a;buy;119;3;4360.64;4360.1;4360.64;54;;;;;;;;;;;;;;;;;4363.67;2026.09.23 03:20:09;421;1.478;303;366;2026.09.23 03:27:00;4363.81;4359.47;63;2026.09.23 03:27:09;1;;;;;;;;;;;;;;;;;
NANPIN;2026.09.23 03:27:28;b;buy;118;3;4360.38;4359.84;4360.38;54;;;;;;;;;;;;;;;;;4361.75;2026.09.23 03:20:18;430;1.478;137;175;2026.09.23 03:27:00;4363.81;4359.47;38;2026.09.23 03:27:18;10;;;;;;;;;;;;;;;;;
BASKET_CLOSE;2026.09.23 03:28:31;c;sell;87;;;;;;;;;;;;;;;;;;;;;;;;;;;;;;;;;;7;3.23;4360.602;4359.834;76.7;453;1446;24510;126.2;2026.09.23 03:28:00;31;825.8;2026.09.23 03:28:00;6.2;;;
BASKET_CLOSE;2026.09.23 03:29:18;a;sell;85;;;;;;;;;;;;;;;;;;;;;;;;;;;;;;;;;;8;4.94;4360.267;4359.754;51.2;1234;1608;24857;104.7;2026.09.23 03:29:00;18;925.3;2026.09.23 03:29:00;-6.3;;;close_missing
ENTRY;2026.09.23 03:29:19;a;sell;121;0;4359.09;4359.24;4359.78;54;-47;-451;-382;-426;4359.42;4360;4358.8;4358.8;4361.81;4358.8;4366.05;4358.8;4368.97;4358.28;24858;;;;;;;;;;;;;;;;;;;;;;;;;;;;;;
NANPIN;2026.09.23 03:33:04;c;buy;120;2;4360.3;4359.78;4360.32;54;;;;;;;;;;;;;;;;;4361.77;2026.09.23 03:26:02;422;1.533;147;316;2026.09.23 03:30:00;4361.66;4358.07;169;2026.09.23 03:33:02;2;;;;;;;;;;;;;;;;;
NANPIN;2026.09.23 03:34:30;a;buy;119;4;4359.54;4358.95;4359.49;54;;;;;;;;;;;;;;;;;4360.64;2026.09.23 03:27:10;440;1.5;110;203;2026.09.23 03:30:00;4361.66;4358.07;93;2026.09.23 03:34:10;20;;;;;;;;;;;;;;;;;
NANPIN;2026.09.23 03:35:04;b;buy;118;4;4359.15;4358.77;4359.31;54;;;;;;;;;;;;;;;;;4360.38;2026.09.23 03:27:28;456;1.5;123;180;2026.09.23 03:35:00;4361.66;4358.04;57;2026.09.23 03:34:28;36;;;;;;;;;;;;;;;;;
BASKET_CLOSE;2026.09.23 03:37:27;a;sell;121;;;;;;;;;;;;;;;;;;;;;;;;;;;;;;;;;;1;0.1;4359.09;4358.6;49;8;488;488;82;2026.09.23 03:37:00;27;311;;;;;
ENTRY;2026.09.23 03:37:29;a;sell;122;0;4358.15;4358.38;4358.92;54;-69;-133;-486;-709;4358.58;4359.55;4358.16;4358.86;4360.97;4358.04;4362.59;4358.04;4368.97;4358.04;490;491;;;;;;;;;;;;;;;;;;;;;;;;;;;;;
BASKET_CLOSE;2026.09.23 03:38:03;a;sell;122;;;;;;;;;;;;;;;;;;;;;;;;;;;;;;;;;;1;0.1;4358.15;4357.38;77;12;34;34;275;2026.09.23 03:38:00;3;131;2026.09.23 03:38:00;-85;;;
BASKET_CLOSE;2026.09.23 03:38:34;b;sell;76;;;;;;;;;;;;;;;;;;;;;;;;;;;;;;;;;;12;21.49;4357.497;4356.058;143.9;5145;2050;29732;209.7;2026.09.23 03:38:00;34;1136.3;2026.09.23 03:38:00;-150.3;;;close_missing
NANPIN;2026.09.23 03:40:08;c;buy;120;3;4357.85;4357.12;4357.65;53;;;;;;;;;;;;;;;;;4360.3;2026.09.23 03:33:04;424;1.478;245;490;2026.09.23 03:38:00;4360.97;4354.86;245;2026.09.23 03:40:04;4;;;;;;;;;;;;;;;;;
NANPIN;2026.09.23 03:41:31;a;buy;119;5;4357.98;4357.28;4357.82;54;;;;;;;;;;;;;;;;;4359.54;2026.09.23 03:34:30;421;1.49;156;414;2026.09.23 03:38:00;4359.69;4354.86;258;2026.09.23 03:41:30;1;;;;;;;;;;;;;;;;;
NANPIN;2026.09.23 03:42:41;b;buy;118;5;4357.95;4357.38;4357.91;53;;;;;;;;;;;;;;;;;4359.15;2026.09.23 03:35:04;457;1.49;120;375;2026.09.23 03:38:00;4359.55;4354.86;255;2026.09.23 03:42:04;37;;;;;;;;;;;;;;;;;
ENTRY;2026.09.23 03:43:01;b;sell;123;0;4357.07;4357.08;4357.61;53;-135;-256;-328;-839;4356.66;4357.6;4355.83;4357.1;4358.6;4354.86;4361.66;4354.86;4368.97;4354.86;29999;267;;;;;;;;;;;;;;;;;;;;;;;;;;;;;
ENTRY;2026.09.23 03:50:01;a;sell;124;0;4357.06;4357.06;4357.6;54;-137;-3;-238;-169;4358.03;4358.03;4356.81;4356.98;4360.63;4356.81;4360.63;4354.86;4368.97;4354.86;752;718;;;;;;;;;;;;;;;;;;;;;;;;;;;;;
NANPIN;2026.09.23 03:51:32;b;sell;123;1;4358.39;4358.39;4358.93;54;;;;;;;;;;;;;;;;;4357.07;2026.09.23 03:43:01;511;1.5;132;356;2026.09.23 03:46:00;4360.63;4356.56;224;2026.09.23 03:51:00;32;;;;;;;;;;;;;;;;;
ENTRY;2026.09.23 03:56:01;c;sell;125;0;4357.06;4357.04;4357.59;55;-94;-273;-182;-171;4356.85;4357.55;4356.85;4357.08;4358.79;4356.82;4360.63;4355.83;4368.97;4354.86;26160;1650;;;;;;;;;;;;;;;;;;;;;;;;;;;;;
BASKET_CLOSE;2026.09.23 03:59:05;b;sell;123;;;;;;;;;;;;;;;;;;;;;;;;;;;;;;;;;;2;0.25;4357.862;4357.45;41.2;17;453;964;120.2;2026.09.23 03:59:00;5;146.8;2026.09.23 03:59:00;-97.8;;;
NANPIN;2026.09.23 03:59:59;a;sell;124;1;4358.08;4357.86;4358.41;55;;;;;;;;;;;;;;;;;4357.06;2026.09.23 03:50:01;598;1.5;102;173;2026.09.23 03:52:00;4358.79;4356.12;71;2026.09.23 03:59:00;59;;;;;;;;;;;;;;;;;
ENTRY;2026.09.23 04:00:01;b;sell;126;0;4357.42;4357.98;4358.53;55;30;100;-45;-103;4356.94;4358.3;4356.12;4357.37;4358.3;4356.12;4360.63;4356.12;4368.97;4354.86;1020;56;;;;;;;;;;;;;;;;;;;;;;;;;;;;;
NANPIN;2026.09.23 04:00:22;a;buy;119;6;4356.74;4356.14;4356.68;54;;;;;;;;;;;;;;;;;4357.98;2026.09.23 03:41:31;1131;1.5;124;270;2026.09.23 04:00:00;4360.63;4354.74;146;2026.09.23 03:59:00;82;;;;;;;;;;;;;;;;;
NANPIN;2026.09.23 04:00:23;b;buy;118;6;4356.86;4356.37;4356.92;55;;;;;;;;;;;;;;;;;4357.95;2026.09.23 03:42:41;1062;1.5;109;268;2026.09.23 04:00:00;4360.63;4354.74;159;2026.09.23 03:59:00;83;;;;;;;;;;;;;;;;;
BASKET_CLOSE;2026.09.23 04:00:24;b;sell;126;;;;;;;;;;;;;;;;;;;;;;;;;;;;;;;;;;1;0.1;4357.42;4356.75;67;11;23;23;213;2026.09.23 04:00:00;24;211;2026.09.23 04:00:00;-211;;;
NANPIN;2026.09.23 04:00:26;c;buy;120;4;4356.69;4355.67;4356.22;55;;;;;;;;;;;;;;;;;4357.85;2026.09.23 03:40:08;1218;1.5;116;258;2026.09.23 04:00:00;4360.63;4354.74;142;2026.09.23 03:59:00;86;;;;;;;;;;;;;;;;;
BASKET_CLOSE;2026.09.23 04:00:27;a;sell;124;;;;;;;;;;;;;;;;;;;;;;;;;;;;;;;;;;2;0.25;4357.672;4356.215;145.7;57;28;626;238.2;2026.09.23 04:00:00;27;185.8;2026.09.23 03:59:00;-185.8;;;
BASKET_CLOSE;2026.09.23 04:00:28;c;sell;125;;;;;;;;;;;;;;;;;;;;;;;;;;;;;;;;;;1;0.1;4357.06;4355.93;113;18;267;267;177;2026.09.23 04:00:00;28;247;2026.09.23 04:00:00;-247;;;
ENTRY;2026.09.23 04:01:02;a;sell;127;0;4355.78;4355.98;4356.52;54;-103;-148;-72;-303;4357.35;4358.98;4354.74;4355.97;4358.98;4354.74;4360.63;4354.74;4368.97;4354.74;661;35;;;;;;;;;;;;;;;;;;;;;;;;;;;;;
BASKET_CLOSE;2026.09.23 04:01:24;a;sell;127;;;;;;;;;;;;;;;;;;;;;;;;;;;;;;;;;;1;0.1;4355.78;4355.19;59;9;22;22;284;2026.09.23 04:01:00;24;143;2026.09.23 04:01:00;-143;;;
ENTRY;2026.09.23 04:16:01;b;sell;128;0;4346.82;4347.21;4347.76;55;-120;-502;-1023;-1016;4349.27;4349.27;4346;4346.53;4349.39;4346;4356.67;4346;4365.34;4346;960;937;;;;;;;;;;;;;;;;;;;;;;;;;;;;;
BASKET_CLOSE;2026.09.23 04:19:00;b;sell;128;;;;;;;;;;;;;;;;;;;;;;;;;;;;;;;;;;1;0.1;4346.82;4346.06;76;12;179;179;86;2026.09.23 04:18:00;60;213;;;;;
ENTRY;2026.09.23 04:41:01;b;sell;129;0;4344.09;4343.87;4344.42;55;-73;157;-494;-543;4345.3;4345.81;4342.99;4344.14;4346.04;4342.99;4346.04;4341.43;4360.63;4341.43;1500;1321;;;;;;;;;;;;;;;;;;;;;;;;;;;;;
BASKET_CLOSE;2026.09.23 04:41:44;b;sell;129;;;;;;;;;;;;;;;;;;;;;;;;;;;;;;;;;;1;0.1;4344.09;4343.42;67;11;43;43;176;2026.09.23 04:41:00;44;126;2026.09.23 04:41:00;-126;;;
ENTRY;2026.09.23 04:49:02;c;sell;130;0;4345.32;4345.58;4346.12;54;51;98;218;218;4344.78;4345.67;4343.86;4345.35;4346.46;4343.54;4346.46;4341.78;4358.98;4341.43;3181;2914;;;;;;;;;;;;;;;;;;;;;;;;;;;;;
BASKET_CLOSE;2026.09.23 04:51:55;c;sell;130;;;;;;;;;;;;;;;;;;;;;;;;;;;;;;;;;;1;0.1;4345.32;4344.61;71;11;173;173;101;2026.09.23 04:51:00;55;152;2026.09.23 04:51:00;-152;;;
ENTRY;2026.09.23 04:52:01;b;sell;131;0;4343.54;4343.7;4344.25;55;-189;170;50;30;4345.29;4346.3;4343.77;4343.88;4346.3;4343.77;4346.46;4341.78;4358.98;4341.43;660;617;;;;;;;;;;;;;;;;;;;;;;;;;;;;;
BASKET_CLOSE;2026.09.23 04:54:03;b;sell;131;;;;;;;;;;;;;;;;;;;;;;;;;;;;;;;;;;1;0.1;4343.54;4342.86;68;11;122;122;255;2026.09.23 04:54:00;3;172;2026.09.23 04:54:00;36;;;
ENTRY;2026.09.23 05:02:02;b;sell;132;0;4340.04;4340.05;4340.6;55;-124;-383;-377;-459;4340.63;4340.99;4339.92;4340.03;4341.5;4338.76;4346.3;4338.76;4355.9;4338.76;601;479;;;;;;;;;;;;;;;;;;;;;;;;;;;;;
BASKET_CLOSE;2026.09.23 05:02:13;b;sell;132;;;;;;;;;;;;;;;;;;;;;;;;;;;;;;;;;;1;0.1;4340.04;4339.37;67;11;11;11;77;2026.09.23 05:02:00;13;64;;;;;
NANPIN;2026.09.23 05:27:13;a;buy;119;7;4339.71;4339.11;4339.66;55;;;;;;;;;;;;;;;;;4356.74;2026.09.23 04:00:22;5211;1.5;1703;2186;2026.09.23 05:20:00;4358.98;4334.34;483;2026.09.23 04:07:22;4791;;;;;;;;;;;;;;;;;
NANPIN;2026.09.23 05:27:14;b;buy;118;7;4339.68;4339.07;4339.62;55;;;;;;;;;;;;;;;;;4356.86;2026.09.23 04:00:23;5211;1.5;1718;2197;2026.09.23 05:20:00;4358.98;4334.34;479;2026.09.23 04:07:23;4791;;;;;;;;;;;;;;;;;
NANPIN;2026.09.23 05:27:14;c;buy;120;5;4339.7;4339.05;4339.6;55;;;;;;;;;;;;;;;;;4356.69;2026.09.23 04:00:26;5208;1.49;1699;2180;2026.09.23 05:20:00;4358.98;4334.34;481;2026.09.23 04:07:26;4788;;;;;;;;;;;;;;;;;
ENTRY;2026.09.23 05:31:01;b;sell;133;0;4337.59;4337.59;4338.14;55;-109;272;-88;52;4338.57;4338.57;4336.98;4337.25;4339.42;4336.98;4339.42;4334.34;4346.46;4334.34;1739;1728;;;;;;;;;;;;;;;;;;;;;;;;;;;;;
BASKET_CLOSE;2026.09.23 05:36:52;b;sell;133;;;;;;;;;;;;;;;;;;;;;;;;;;;;;;;;;;1;0.1;4337.59;4336.78;81;13;351;351;186;2026.09.23 05:36:00;52;153;2026.09.23 05:36:00;-153;;;
ENTRY;2026.09.23 05:38:00;c;sell;134;0;4334.47;4334.47;4335.01;54;-388;-461;-77;-260;4335.57;4336.3;4334.18;4334.38;4338.57;4334.18;4339.42;4334.18;4346.46;4334.18;2938;2765;;;;;;;;;;;;;;;;;;;;;;;;;;;;;
NANPIN;2026.09.23 05:42:57;a;buy;119;8;4336.98;4336.49;4337.04;55;;;;;;;;;;;;;;;;;4339.71;2026.09.23 05:27:13;944;1.497;273;582;2026.09.23 05:39:00;4339.42;4333.34;309;2026.09.23 05:34:13;524;;;;;;;;;;;;;;;;;
NANPIN;2026.09.23 05:42:58;b;buy;118;8;4337.04;4336.56;4337.1;54;;;;;;;;;;;;;;;;;4339.68;2026.09.23 05:27:14;944;1.497;264;579;2026.09.23 05:39:00;4339.42;4333.34;315;2026.09.23 05:34:14;524;;;;;;;;;;;;;;;;;
NANPIN;2026.09.23 05:42:59;c;buy;120;6;4337.04;4336.59;4337.13;54;;;;;;;;;;;;;;;;;4339.7;2026.09.23 05:27:14;945;1.5;266;581;2026.09.23 05:39:00;4339.42;4333.34;315;2026.09.23 05:34:14;525;;;;;;;;;;;;;;;;;
NANPIN;2026.09.23 05:45:01;c;sell;134;1;4336.89;4336.89;4337.42;53;;;;;;;;;;;;;;;;;4334.47;2026.09.23 05:38:00;421;1.5;242;293;2026.09.23 05:45:00;4337.4;4333.34;51;2026.09.23 05:45:00;1;;;;;;;;;;;;;;;;;
ENTRY;2026.09.23 05:48:01;b;sell;135;0;4335.85;4335.98;4336.53;55;-54;160;-270;-213;4337.54;4337.57;4335.7;4335.9;4337.97;4335.7;4338.57;4333.34;4346.3;4333.34;1020;669;;;;;;;;;;;;;;;;;;;;;;;;;;;;;
BASKET_CLOSE;2026.09.23 05:50:26;b;sell;135;;;;;;;;;;;;;;;;;;;;;;;;;;;;;;;;;;1;0.1;4335.85;4335.19;66;10;145;145;109;2026.09.23 05:50:00;26;179;2026.09.23 05:50:00;-62;;;
BASKET_CLOSE;2026.09.23 05:50:41;c;sell;134;;;;;;;;;;;;;;;;;;;;;;;;;;;;;;;;;;2;0.25;4335.922;4335.6;32.2;13;340;761;118.2;2026.09.23 05:50:00;41;257.8;2026.09.23 05:50:00;-52.8;;;
NANPIN;2026.09.23 05:55:28;b;buy;118;9;4335.84;4334.93;4335.47;54;;;;;;;;;;;;;;;;;4337.04;2026.09.23 05:42:58;750;1.5;120;267;2026.09.23 05:55:00;4337.97;4333.83;147;2026.09.23 05:49:58;330;;;;;;;;;;;;;;;;;
NANPIN;2026.09.23 05:55:30;c;buy;120;7;4335.8;4335;4335.55;55;;;;;;;;;;;;;;;;;4337.04;2026.09.23 05:42:59;751;1.5;124;267;2026.09.23 05:55:00;4337.97;4333.83;143;2026.09.23 05:49:59;331;;;;;;;;;;;;;;;;;
NANPIN;2026.09.23 05:55:33;a;buy;119;9;4335.74;4334.93;4335.48;55;;;;;;;;;;;;;;;;;4336.98;2026.09.23 05:42:57;756;1.5;124;260;2026.09.23 05:55:00;4337.97;4333.83;136;2026.09.23 05:49:57;336;;;;;;;;;;;;;;;;;
ENTRY;2026.09.23 05:56:00;c;sell;136;0;4334.03;4334.12;4334.67;55;-215;-240;-146;-399;4336.17;4336.17;4333.83;4333.99;4336.88;4333.83;4337.97;4333.83;4341.5;4333.34;1080;319;;;;;;;;;;;;;;;;;;;;;;;;;;;;;
ENTRY;2026.09.23 06:01:01;b;sell;137;0;4333.79;4333.77;4334.32;55;-69;-192;-124;-315;4333.95;4334.41;4333.23;4334.1;4334.94;4333.23;4337.97;4333.23;4340.99;4333.23;780;635;;;;;;;;;;;;;;;;;;;;;;;;;;;;;
NANPIN;2026.09.23 06:04:38;c;sell;136;1;4335.29;4335.27;4335.82;55;;;;;;;;;;;;;;;;;4334.03;2026.09.23 05:56:00;518;1.5;126;130;2026.09.23 06:04:00;4335.33;4333.2;4;2026.09.23 06:04:00;38;;;;;;;;;;;;;;;;;
NANPIN;2026.09.23 06:08:20;b;sell;137;1;4335.42;4335.42;4335.96;54;;;;;;;;;;;;;;;;;4333.79;2026.09.23 06:01:01;439;1.5;163;188;2026.09.23 06:08:00;4335.67;4333.2;25;2026.09.23 06:08:01;19;;;;;;;;;;;;;;;;;
NANPIN;2026.09.23 06:11:39;c;sell;136;2;4337.45;4337.45;4338;55;;;;;;;;;;;;;;;;;4335.29;2026.09.23 06:04:38;421;1.533;216;244;2026.09.23 06:11:00;4337.73;4333.9;28;2026.09.23 06:11:38;1;;;;;;;;;;;;;;;;;
NANPIN;2026.09.23 06:15:21;b;sell;137;2;4337.95;4338.04;4338.59;55;;;;;;;;;;;;;;;;;4335.42;2026.09.23 06:08:20;421;1.533;253;405;2026.09.23 06:14:00;4339.47;4334.32;152;2026.09.23 06:15:20;1;;;;;;;;;;;;;;;;;
NANPIN;2026.09.23 06:23:58;c;sell;136;3;4339.1;4339.1;4339.65;55;;;;;;;;;;;;;;;;;4337.45;2026.09.23 06:11:39;739;1.478;165;202;2026.09.23 06:14:00;4339.47;4335.63;37;2026.09.23 06:23:00;58;;;;;;;;;;;;;;;;;
NANPIN;2026.09.23 06:24:00;b;sell;137;3;4339.06;4339.05;4339.59;54;;;;;;;;;;;;;;;;;4337.95;2026.09.23 06:15:21;519;1.478;111;185;2026.09.23 06:24:00;4339.8;4335.63;74;2026.09.23 06:23:00;60;;;;;;;;;;;;;;;;;
NANPIN;2026.09.23 06:34:20;b;sell;137;4;4340.09;4340.09;4340.64;55;;;;;;;;;;;;;;;;;4339.06;2026.09.23 06:24:00;620;1.5;103;123;2026.09.23 06:34:00;4340.29;4336.82;20;2026.09.23 06:34:00;20;;;;;;;;;;;;;;;;;
NANPIN;2026.09.23 06:40:53;c;sell;136;4;4340.33;4340.33;4340.86;53;;;;;;;;;;;;;;;;;4339.1;2026.09.23 06:23:58;1015;1.5;123;157;2026.09.23 06:40:00;4340.67;4336.82;34;2026.09.23 06:34:00;413;;;;;;;;;;;;;;;;;
NANPIN;2026.09.23 06:42:00;b;sell;137;5;4341.25;4341.17;4341.71;54;;;;;;;;;;;;;;;;;4340.09;2026.09.23 06:34:20;460;1.49;116;127;2026.09.23 06:41:00;4341.36;4338.43;11;2026.09.23 06:41:20;40;;;;;;;;;;;;;;;;;
NANPIN;2026.09.23 06:47:55;c;sell;136;5;4341.79;4341.78;4342.32;54;;;;;;;;;;;;;;;;;4340.33;2026.09.23 06:40:53;422;1.49;146;172;2026.09.23 06:47:00;4342.05;4339.46;26;2026.09.23 06:47:53;2;;;;;;;;;;;;;;;;;
NANPIN;2026.09.23 06:51:11;b;sell;137;6;4342.67;4342.62;4343.16;54;;;;;;;;;;;;;;;;;4341.25;2026.09.23 06:42:00;551;1.5;142;184;2026.09.23 06:51:00;4343.09;4340.2;42;2026.09.23 06:51:00;11;;;;;;;;;;;;;;;;;
BASKET_CLOSE;2026.09.23 06:52:37;c;buy;120;;;;;;;;;;;;;;;;;;;;;;;;;;;;;;;;;;8;4.94;4342.864;4343.33;46.6;341;3427;12816;104.6;2026.09.23 06:52:00;37;966.4;2026.09.23 06:52:00;-4.4;;;
BASKET_CLOSE;2026.09.23 06:55:06;a;buy;119;;;;;;;;;;;;;;;;;;;;;;;;;;;;;;;;;;10;11.34;4343.267;4344.675;140.8;2587;3573;13806;146.3;2026.09.23 06:55:00;6;1006.7;2026.09.23 06:54:00;29.3;;;
BASKET_CLOSE;2026.09.23 06:55:21;b;buy;118;;;;;;;;;;;;;;;;;;;;;;;;;;;;;;;;;;10;11.34;4343.248;4344.207;95.9;1598;3593;13941;148.2;2026.09.23 06:55:00;21;1004.8;2026.09.23 06:54:00;31.2;;;
NANPIN;2026.09.23 06:58:43;c;sell;136;6;4343.65;4343.59;4344.12;53;;;;;;;;;;;;;;;;;4341.79;2026.09.23 06:47:55;648;1.5;186;350;2026.09.23 06:56:00;4345.29;4341.4;164;2026.09.23 06:54:55;228;;;;;;;;;;;;;;;;;
NANPIN;2026.09.23 07:01:08;b;sell;137;7;4344.08;4344.09;4344.62;53;;;;;;;;;;;;;;;;;4342.67;2026.09.23 06:51:11;597;1.5;141;262;2026.09.23 06:56:00;4345.29;4342.24;121;2026.09.23 06:58:11;177;;;;;;;;;;;;;;;;;
ENTRY;2026.09.23 07:02:01;b;buy;138;0;4343.95;4343.46;4343.99;53;109;69;270;241;4343.44;4344.22;4343.1;4343.43;4344.81;4342.26;4345.29;4341.4;4345.29;4333.42;14341;400;;;;;;;;;;;;;;;;;;;;;;;;;;;;;
BASKET_CLOSE;2026.09.23 07:04:27;b;buy;138;;;;;;;;;;;;;;;;;;;;;;;;;;;;;;;;;;1;0.1;4343.95;4344.7;75;12;146;146;102;2026.09.23 07:04:00;27;76;2026.09.23 07:04:00;-22;;;
ENTRY;2026.09.23 07:09:03;c;buy;139;0;4345.96;4345.42;4345.96;54;18;236;365;437;4344.89;4345.54;4344.81;4345.46;4345.68;4343.73;4345.68;4342.26;4345.68;4335.32;13802;986;;;;;;;;;;;;;;;;;;;;;;;;;;;;;
BASKET_CLOSE;2026.09.23 07:14:07;c;buy;139;;;;;;;;;;;;;;;;;;;;;;;;;;;;;;;;;;1;0.1;4345.96;4346.5;54;9;304;304;76;2026.09.23 07:14:00;7;182;;;;;
NANPIN;2026.09.23 07:17:03;c;sell;136;7;4345.26;4345.26;4345.79;53;;;;;;;;;;;;;;;;;4343.65;2026.09.23 06:58:43;1100;1.5;161;307;2026.09.23 07:14:00;4346.72;4342.26;146;2026.09.23 07:05:43;680;;;;;;;;;;;;;;;;;
ENTRY;2026.09.23 07:19:01;b;buy;140;0;4347.4;4346.86;4347.4;54;100;140;449;449;4345.79;4346.83;4345.64;4346.74;4346.83;4344.75;4346.83;4343.73;4346.83;4335.7;1020;874;;;;;;;;;;;;;;;;;;;;;;;;;;;;;
NANPIN;2026.09.23 07:22:23;b;sell;137;8;4345.54;4345.54;4346.07;53;;;;;;;;;;;;;;;;;4344.08;2026.09.23 07:01:08;1275;1.497;146;296;2026.09.23 07:19:00;4347.04;4343.1;150;2026.09.23 07:08:08;855;;;;;;;;;;;;;;;;;
NANPIN;2026.09.23 07:26:02;b;buy;140;1;4345.7;4345.14;4345.68;54;;;;;;;;;;;;;;;;;4347.4;2026.09.23 07:19:01;421;1.5;170;251;2026.09.23 07:24:00;4347.04;4344.35;81;2026.09.23 07:26:01;1;;;;;;;;;;;;;;;;;
ENTRY;2026.09.23 07:37:00;c;buy;141;0;4346.42;4345.89;4346.42;53;72;94;12;6;4345.71;4346.12;4345.41;4345.81;4346.6;4344.03;4346.96;4344.03;4347.04;4338.43;1677;1373;;;;;;;;;;;;;;;;;;;;;;;;;;;;;
NANPIN;2026.09.23 07:40:40;b;buy;140;2;4344.51;4343.99;4344.52;53;;;;;;;;;;;;;;;;;4345.7;2026.09.23 07:26:02;878;1.533;119;164;2026.09.23 07:40:00;4346.6;4343.52;45;2026.09.23 07:33:02;458;;;;;;;;;;;;;;;;;
NANPIN;2026.09.23 07:44:03;c;buy;141;1;4345.18;4344.65;4345.18;53;;;;;;;;;;;;;;;;;4346.42;2026.09.23 07:37:00;423;1.5;124;267;2026.09.23 07:42:00;4345.9;4343.22;143;2026.09.23 07:44:00;3;;;;;;;;;;;;;;;;;
BASKET_CLOSE;2026.09.23 07:50:14;b;buy;140;;;;;;;;;;;;;;;;;;;;;;;;;;;;;;;;;;3;0.48;4345.484;4345.99;50.6;37;574;1873;106.6;2026.09.23 07:50:00;14;226.4;2026.09.23 07:50:00;10.6;;;
NANPIN;2026.09.23 07:53:30;c;buy;141;2;4343.93;4343.4;4343.94;54;;;;;;;;;;;;;;;;;4345.18;2026.09.23 07:44:03;567;1.533;125;148;2026.09.23 07:53:00;4346.55;4343.17;23;2026.09.23 07:53:00;30;;;;;;;;;;;;;;;;;
ENTRY;2026.09.23 07:58:01;b;buy;142;0;4344.42;4343.89;4344.44;55;30;-164;-88;-144;4344.64;4344.7;4343.81;4343.89;4345.1;4343.17;4346.55;4343.17;4347.04;4342.26;2340;467;;;;;;;;;;;;;;;;;;;;;;;;;;;;;
NANPIN;2026.09.23 08:03:33;c;buy;141;3;4342.79;4342.44;4342.98;54;;;;;;;;;;;;;;;;;4343.93;2026.09.23 07:53:30;603;1.478;114;121;2026.09.23 08:03:00;4345.1;4342.18;7;2026.09.23 08:03:00;33;;;;;;;;;;;;;;;;;
BASKET_CLOSE;2026.09.23 08:04:19;b;buy;142;;;;;;;;;;;;;;;;;;;;;;;;;;;;;;;;;;1;0.1;4344.42;4345.09;67;11;378;378;74;2026.09.23 08:04:00;19;224;;;;;
BASKET_CLOSE;2026.09.23 08:04:24;c;buy;141;;;;;;;;;;;;;;;;;;;;;;;;;;;;;;;;;;4;0.82;4343.99;4344.185;19.5;22;51;1644;117;2026.09.23 08:04:00;24;181;2026.09.23 08:04:00;-91;;;
ENTRY;2026.09.23 08:05:01;b;buy;143;0;4344.56;4344.02;4344.56;54;121;-75;-3;-21;4343.08;4345.16;4343.08;4344;4345.16;4342.18;4346.55;4342.18;4347.04;4342.18;420;42;;;;;;;;;;;;;;;;;;;;;;;;;;;;;
BASKET_CLOSE;2026.09.23 08:05:53;b;buy;143;;;;;;;;;;;;;;;;;;;;;;;;;;;;;;;;;;1;0.1;4344.56;4345.25;69;11;52;52;98;2026.09.23 08:05:00;53;95;;;;;
ENTRY;2026.09.23 08:12:01;c;buy;144;0;4343.18;4342.65;4343.19;54;-92;31;-186;-158;4342.81;4342.87;4342.41;4342.67;4345.05;4342.41;4345.54;4342.18;4347.04;4342.18;2101;457;;;;;;;;;;;;;;;;;;;;;;;;;;;;;
ENTRY;2026.09.23 08:18:01;b;buy;145;0;4343.56;4343.04;4343.58;54;94;-180;-127;-95;4342.77;4343.28;4342.75;4342.87;4343.28;4341.74;4345.54;4341.74;4347.04;4341.74;780;728;;;;;;;;;;;;;;;;;;;;;;;;;;;;;
NANPIN;2026.09.23 08:20:11;c;buy;144;1;4342.07;4341.59;4342.14;55;;;;;;;;;;;;;;;;;4343.18;2026.09.23 08:12:01;490;1.5;111;136;2026.09.23 08:20:00;4343.28;4341.28;25;2026.09.23 08:20:00;11;;;;;;;;;;;;;;;;;
ENTRY;2026.09.23 08:20:20;b;sell;146;0;4342.02;4342.02;4342.57;55;-85;-155;-107;-197;4342.6;4342.64;4341.73;4342.29;4343.28;4341.73;4345.54;4341.73;4347.04;4341.73;8359;8994;;;;;;;;;;;;;;;;;;;;;;;;;;;;;
BASKET_CLOSE;2026.09.23 08:20:21;b;sell;137;;;;;;;;;;;;;;;;;;;;;;;;;;;;;;;;;;9;7.5;4343.08;4342.365;71.5;-653;3478;8360;127;2026.09.23 08:20:00;21;441;2026.09.23 08:20:00;-4;;;close_missing
NANPIN;2026.09.23 08:25:02;b;buy;145;1;4342.05;4341.5;4342.05;55;;;;;;;;;;;;;;;;;4343.56;2026.09.23 08:18:01;421;1.5;151;174;2026.09.23 08:20:00;4343.26;4341.28;23;2026.09.23 08:25:01;1;;;;;;;;;;;;;;;;;
BASKET_CLOSE;2026.09.23 08:28:59;b;sell;146;;;;;;;;;;;;;;;;;;;;;;;;;;;;;;;;;;1;0.1;4342.02;4341.39;63;10;519;519;76;2026.09.23 08:28:00;59;179;;;;;
BASKET_CLOSE;2026.09.23 08:29:22;c;sell;136;;;;;;;;;;;;;;;;;;;;;;;;;;;;;;;;;;8;4.94;4342.528;4340.966;156.2;1205;4339;9202;190.8;2026.09.23 08:29:00;22;504.2;2026.09.23 08:28:00;33.8;;;
ENTRY;2026.09.23 08:44:01;b;sell;147;0;4329.46;4329.45;4329.99;54;-646;-863;-1233;-1273;4335.27;4335.27;4329.12;4329.15;4336.29;4329.12;4342.1;4329.12;4346.55;4329.12;1421;902;;;;;;;;;;;;;;;;;;;;;;;;;;;;;
ENTRY;2026.09.23 08:50:11;b;sell;148;0;4327.97;4328.2;4328.74;54;-244;-634;-1234;-1266;4330.54;4330.92;4328.97;4328.99;4331.62;4328.97;4337.65;4328.77;4346.55;4328.77;370;1272;;;;;;;;;;;;;;;;;;;;;;;;;;;;;
BASKET_CLOSE;2026.09.23 08:50:12;b;sell;147;;;;;;;;;;;;;;;;;;;;;;;;;;;;;;;;;;1;0.1;4329.46;4328.63;83;13;371;371;106;2026.09.23 08:50:00;12;270;2026.09.23 08:50:00;-184;;;
NANPIN;2026.09.23 08:55:58;b;buy;145;2;4334.05;4333.36;4333.9;54;;;;;;;;;;;;;;;;;4342.05;2026.09.23 08:25:02;1856;1.533;800;1364;2026.09.23 08:50:00;4343.26;4327.86;564;2026.09.23 08:32:02;1436;;;;;;;;;;;;;;;;;
NANPIN;2026.09.23 08:55:59;c;buy;144;2;4334.05;4333.36;4333.9;54;;;;;;;;;;;;;;;;;4342.07;2026.09.23 08:20:11;2148;1.533;802;1366;2026.09.23 08:50:00;4343.26;4327.86;564;2026.09.23 08:29:00;1619;;;;;;;;;;;;;;;;;
NANPIN;2026.09.23 08:57:12;b;sell;148;1;4334.76;4334.71;4335.26;55;;;;;;;;;;;;;;;;;4327.97;2026.09.23 08:50:11;421;1.5;679;699;2026.09.23 08:57:00;4334.96;4327.86;20;2026.09.23 08:57:11;1;;;;;;;;;;;;;;;;;
BASKET_CLOSE;2026.09.23 09:10:35;b;sell;148;;;;;;;;;;;;;;;;;;;;;;;;;;;;;;;;;;2;0.25;4332.044;4330.825;121.9;48;803;1224;140.4;2026.09.23 09:10:00;35;516.6;2026.09.23 09:10:00;2.4;;;
ENTRY;2026.09.23 09:11:01;c;sell;149;0;4331;4331.02;4331.56;54;-144;-350;30;185;4331.31;4331.47;4330.09;4330.97;4335.06;4330.09;4336.66;4330.09;4343.28;4327.86;11701;2499;;;;;;;;;;;;;;;;;;;;;;;;;;;;;
BASKET_CLOSE;2026.09.23 09:13:09;c;sell;149;;;;;;;;;;;;;;;;;;;;;;;;;;;;;;;;;;1;0.1;4331;4330.19;81;13;128;128;97;2026.09.23 09:13:00;9;109;;;;;
ENTRY;2026.09.23 09:22:00;b;sell;150;0;4326.34;4326.31;4326.86;55;-278;-426;-992;-803;4329.29;4329.29;4325.77;4326.19;4329.75;4325.77;4335.06;4325.77;4343.26;4325.77;1909;685;;;;;;;;;;;;;;;;;;;;;;;;;;;;;
NANPIN;2026.09.23 09:25:22;b;buy;145;3;4331.33;4330.8;4331.33;53;;;;;;;;;;;;;;;;;4334.05;2026.09.23 08:55:58;1764;1.478;272;774;2026.09.23 09:21:00;4336.66;4325.77;502;2026.09.23 09:08:00;1042;;;;;;;;;;;;;;;;;
NANPIN;2026.09.23 09:25:22;c;buy;144;3;4331.04;4330.61;4331.14;53;;;;;;;;;;;;;;;;;4334.05;2026.09.23 08:55:59;1763;1.478;301;774;2026.09.23 09:21:00;4336.66;4325.77;473;2026.09.23 09:08:00;1042;;;;;;;;;;;;;;;;;
NANPIN;2026.09.23 09:29:02;b;sell;150;1;4328.98;4328.99;4329.53;54;;;;;;;;;;;;;;;;;4326.34;2026.09.23 09:22:00;422;1.5;264;461;2026.09.23 09:25:00;4330.95;4326.18;197;2026.09.23 09:29:00;2;;;;;;;;;;;;;;;;;
NANPIN;2026.09.23 09:36:02;b;sell;150;2;4331.31;4331.31;4331.85;54;;;;;;;;;;;;;;;;;4328.98;2026.09.23 09:29:02;420;1.533;233;402;2026.09.23 09:35:00;4333;4328.32;169;2026.09.23 09:36:02;0;;;;;;;;;;;;;;;;;
NANPIN;2026.09.23 09:43:03;b;sell;150;3;4333.03;4333.07;4333.62;55;;;;;;;;;;;;;;;;;4331.31;2026.09.23 09:36:02;421;1.478;172;308;2026.09.23 09:41:00;4334.39;4331.17;136;2026.09.23 09:43:02;1;;;;;;;;;;;;;;;;;
BASKET_CLOSE;2026.09.23 09:49:22;c;buy;144;;;;;;;;;;;;;;;;;;;;;;;;;;;;;;;;;;4;0.82;4335.382;4336.648;126.5;167;1440;5841;157.8;2026.09.23 09:49:00;22;706.2;2026.09.23 09:48:00;-108.2;;;
BASKET_CLOSE;2026.09.23 09:49:48;b;buy;145;;;;;;;;;;;;;;;;;;;;;;;;;;;;;;;;;;4;0.82;4335.545;4336.295;75;98;1466;5507;141.5;2026.09.23 09:49:00;48;722.5;2026.09.23 09:49:00;-6.5;;;
NANPIN;2026.09.23 09:50:05;b;sell;150;4;4335.27;4335.18;4335.72;54;;;;;;;;;;;;;;;;;4333.03;2026.09.23 09:43:03;422;1.5;224;393;2026.09.23 09:49:00;4336.96;4330.79;169;2026.09.23 09:50:03;2;;;;;;;;;;;;;;;;;
BASKET_CLOSE;2026.09.23 09:57:41;b;sell;150;;;;;;;;;;;;;;;;;;;;;;;;;;;;;;;;;;5;1.33;4332.632;4331.98;65.2;131;456;2141;102.2;2026.09.23 09:57:00;41;393.8;2026.09.23 09:57:00;-31.8;;;
ENTRY;2026.09.23 09:59:01;c;sell;151;0;4330.41;4330.33;4330.88;55;-195;-591;-280;185;4331.63;4331.87;4330.23;4330.23;4333.35;4330.23;4336.96;4330.23;4336.96;4325.77;2880;2752;;;;;;;;;;;;;;;;;;;;;;;;;;;;;
ENTRY;2026.09.23 10:03:01;b;buy;152;0;4330.71;4330.18;4330.73;55;55;-396;-290;-372;4331.65;4331.77;4330.15;4330.16;4332.6;4329.53;4336.96;4329.53;4336.96;4325.77;6300;793;;;;;;;;;;;;;;;;;;;;;;;;;;;;;
BASKET_CLOSE;2026.09.23 10:03:16;b;buy;152;;;;;;;;;;;;;;;;;;;;;;;;;;;;;;;;;;1;0.1;4330.71;4331.41;70;11;15;15;197;2026.09.23 10:03:00;16;64;2026.09.23 10:03:00;-64;;;
ENTRY;2026.09.23 10:06:01;b;sell;153;0;4329.28;4329.34;4329.88;54;-304;-310;-303;-456;4331.05;4331.14;4329.31;4329.48;4332.68;4329.31;4336.03;4329.31;4336.96;4325.77;2641;500;;;;;;;;;;;;;;;;;;;;;;;;;;;;;
BASKET_CLOSE;2026.09.23 10:07:05;c;sell;151;;;;;;;;;;;;;;;;;;;;;;;;;;;;;;;;;;1;0.1;4330.41;4329.84;57;9;484;484;171;2026.09.23 10:07:00;5;282;2026.09.23 10:07:00;24;;;
BASKET_CLOSE;2026.09.23 10:07:14;b;sell;153;;;;;;;;;;;;;;;;;;;;;;;;;;;;;;;;;;1;0.1;4329.28;4328.72;56;9;73;73;59;2026.09.23 10:07:00;14;213;;;;;
ENTRY;2026.09.23 10:17:01;b;buy;154;0;4328.9;4328.34;4328.89;55;370;-123;-335;-289;4327.32;4328.42;4326.64;4328.4;4328.42;4324.28;4332.68;4324.28;4336.96;4324.28;840;825;;;;;;;;;;;;;;;;;;;;;;;;;;;;;
ENTRY;2026.09.23 10:20:01;b;sell;155;0;4325.9;4325.84;4326.39;55;-100;-250;-379;-539;4326.93;4327.2;4325.34;4325.87;4328.42;4325.04;4331.14;4324.28;4336.96;4324.28;840;767;;;;;;;;;;;;;;;;;;;;;;;;;;;;;
NANPIN;2026.09.23 10:24:02;b;buy;154;1;4326.61;4326.15;4326.69;54;;;;;;;;;;;;;;;;;4328.9;2026.09.23 10:17:01;421;1.5;229;328;2026.09.23 10:23:00;4328.38;4325.07;99;2026.09.23 10:24:01;1;;;;;;;;;;;;;;;;;
ENTRY;2026.09.23 10:25:00;c;buy;156;0;4326.4;4325.86;4326.4;54;-61;122;-362;-537;4325.79;4326.48;4325.68;4326.01;4327.04;4325.07;4328.61;4324.28;4336.96;4324.28;7979;2138;;;;;;;;;;;;;;;;;;;;;;;;;;;;;
BASKET_CLOSE;2026.09.23 10:25:25;b;sell;155;;;;;;;;;;;;;;;;;;;;;;;;;;;;;;;;;;1;0.1;4325.9;4325.16;74;12;324;324;135;2026.09.23 10:25:00;25;169;2026.09.23 10:25:00;-76;;;
ENTRY;2026.09.23 10:27:01;c;sell;157;0;4322.89;4322.82;4323.37;55;-319;-558;-572;-841;4324.26;4324.43;4322.89;4322.89;4327.04;4322.89;4328.42;4322.89;4336.96;4322.89;1680;1196;;;;;;;;;;;;;;;;;;;;;;;;;;;;;
BASKET_CLOSE;2026.09.23 10:30:40;c;sell;157;;;;;;;;;;;;;;;;;;;;;;;;;;;;;;;;;;1;0.1;4322.89;4322.18;71;11;219;219;75;2026.09.23 10:30:00;40;292;;;;;
ENTRY;2026.09.23 10:31:00;b;sell;158;0;4323.13;4323.04;4323.59;55;-96;-380;-425;-160;4324.5;4324.82;4321.59;4322.88;4325.26;4321.59;4328.42;4321.59;4336.96;4321.59;659;335;;;;;;;;;;;;;;;;;;;;;;;;;;;;;
BASKET_CLOSE;2026.09.23 10:31:58;b;sell;158;;;;;;;;;;;;;;;;;;;;;;;;;;;;;;;;;;1;0.1;4323.13;4322.41;72;11;58;58;72;2026.09.23 10:31:00;58;151;;;;;
NANPIN;2026.09.23 10:32:02;c;buy;156;1;4322.39;4321.84;4322.39;55;;;;;;;;;;;;;;;;;4326.4;2026.09.23 10:25:00;422;1.5;401;472;2026.09.23 10:32:00;4326.11;4321.14;71;2026.09.23 10:32:00;2;;;;;;;;;;;;;;;;;
NANPIN;2026.09.23 10:44:08;b;buy;154;2;4323.93;4323.29;4323.82;53;;;;;;;;;;;;;;;;;4326.61;2026.09.23 10:24:02;1206;1.533;268;662;2026.09.23 10:36:00;4326.48;4319.45;394;2026.09.23 10:31:02;786;;;;;;;;;;;;;;;;;
ENTRY;2026.09.23 10:48:00;b;sell;159;0;4321.16;4321.16;4321.69;53;-174;-184;-284;-253;4322.04;4322.33;4321.02;4321.46;4323.4;4321.02;4323.4;4319.45;4336.96;4319.45;1020;962;;;;;;;;;;;;;;;;;;;;;;;;;;;;;
NANPIN;2026.09.23 10:55:02;b;sell;159;1;4322.45;4322.45;4322.85;40;;;;;;;;;;;;;;;;;4321.16;2026.09.23 10:48:00;422;1.5;129;364;2026.09.23 10:51:00;4324.8;4320.66;235;2026.09.23 10:55:00;2;;;;;;;;;;;;;;;;;
BASKET_CLOSE;2026.09.23 10:56:36;c;buy;156;;;;;;;;;;;;;;;;;;;;;;;;;;;;;;;;;;2;0.25;4323.994;4324.515;52.1;20;1474;1896;124.6;2026.09.23 10:56:00;36;454.4;2026.09.23 10:56:00;-173.4;;;
BASKET_CLOSE;2026.09.23 10:58:31;b;sell;159;;;;;;;;;;;;;;;;;;;;;;;;;;;;;;;;;;2;0.25;4321.934;4320.555;137.9;54;209;631;201.4;2026.09.23 10:58:00;31;370.6;2026.09.23 10:58:00;-7.6;;;
NANPIN;2026.09.23 11:00:12;b;buy;154;3;4321.75;4321.22;4321.75;53;;;;;;;;;;;;;;;;;4323.93;2026.09.23 10:44:08;964;1.478;218;461;2026.09.23 10:59:00;4325.24;4318.79;243;2026.09.23 10:54:00;372;;;;;;;;;;;;;;;;;
ENTRY;2026.09.23 11:01:01;c;sell;160;0;4319.85;4319.88;4320.41;53;19;-329;-162;-247;4319.52;4321.27;4319.08;4319.81;4325.24;4318.79;4325.24;4318.79;4332.68;4318.79;2040;1821;;;;;;;;;;;;;;;;;;;;;;;;;;;;;
BASKET_CLOSE;2026.09.23 11:01:13;c;sell;160;;;;;;;;;;;;;;;;;;;;;;;;;;;;;;;;;;1;0.1;4319.85;4319.23;62;10;12;12;107;2026.09.23 11:01:00;13;101;2026.09.23 11:01:00;-101;;;
ENTRY;2026.09.23 11:05:01;b;sell;161;0;4319.66;4319.65;4320.18;53;-43;-241;-325;-270;4320.24;4320.26;4319.05;4319.76;4321.27;4318.25;4325.24;4318.25;4331.14;4318.25;1021;390;;;;;;;;;;;;;;;;;;;;;;;;;;;;;
BASKET_CLOSE;2026.09.23 11:05:43;b;sell;161;;;;;;;;;;;;;;;;;;;;;;;;;;;;;;;;;;1;0.1;4319.66;4318.93;73;12;42;42;71;2026.09.23 11:05:00;43;93;;;;;
NANPIN;2026.09.23 11:16:25;b;buy;154;4;4320.49;4319.96;4320.49;53;;;;;;;;;;;;;;;;;4321.75;2026.09.23 11:00:12;973;1.5;126;428;2026.09.23 11:12:00;4321.27;4316.94;302;2026.09.23 11:07:12;553;;;;;;;;;;;;;;;;;
ENTRY;2026.09.23 11:18:00;b;sell;162;0;4317.76;4317.62;4318.17;55;-247;-277;-207;-174;4319.74;4319.79;4316.96;4317.82;4320.47;4316.96;4320.84;4316.94;4327.21;4316.94;779;737;;;;;;;;;;;;;;;;;;;;;;;;;;;;;
ENTRY;2026.09.23 11:22:00;c;buy;163;0;4320.19;4319.65;4320.19;54;142;237;-43;29;4318.68;4320.33;4318.61;4319.76;4320.33;4316.9;4320.84;4316.9;4327.04;4316.9;3420;1524;;;;;;;;;;;;;;;;;;;;;;;;;;;;;
BASKET_CLOSE;2026.09.23 11:23:04;c;buy;163;;;;;;;;;;;;;;;;;;;;;;;;;;;;;;;;;;1;0.1;4320.19;4320.87;68;11;64;64;102;2026.09.23 11:23:00;4;58;2026.09.23 11:23:00;-23;;;
NANPIN;2026.09.23 11:25:01;b;sell;162;1;4321.4;4321.41;4321.94;53;;;;;;;;;;;;;;;;;4317.76;2026.09.23 11:18:00;421;1.5;364;468;2026.09.23 11:25:00;4322.44;4316.9;104;2026.09.23 11:25:00;1;;;;;;;;;;;;;;;;;
NANPIN;2026.09.23 11:26:11;b;buy;154;5;4319.39;4318.85;4319.39;54;;;;;;;;;;;;;;;;;4320.49;2026.09.23 11:16:25;586;1.49;110;306;2026.09.23 11:18:00;4322.44;4316.9;196;2026.09.23 11:26:00;11;;;;;;;;;;;;;;;;;
ENTRY;2026.09.23 11:27:00;c;sell;164;0;4319.25;4319.25;4319.78;53;-211;-42;-114;-11;4320.05;4320.15;4318.45;4319.24;4322.44;4318.45;4322.44;4316.9;4325.26;4316.9;1559;1547;;;;;;;;;;;;;;;;;;;;;;;;;;;;;
BASKET_CLOSE;2026.09.23 11:30:08;b;sell;162;;;;;;;;;;;;;;;;;;;;;;;;;;;;;;;;;;2;0.25;4319.944;4319.475;46.9;19;307;728;132.4;2026.09.23 11:30:00;8;302.6;2026.09.23 11:30:00;-72.6;;;
BASKET_CLOSE;2026.09.23 11:31:17;c;sell;164;;;;;;;;;;;;;;;;;;;;;;;;;;;;;;;;;;1;0.1;4319.25;4318.31;94;15;257;257;155;2026.09.23 11:31:00;17;147;2026.09.23 11:31:00;-73;;;
ENTRY;2026.09.23 11:34:01;c;sell;165;0;4318.1;4318.1;4318.63;53;86;-214;-142;-142;4316.8;4318.23;4316.29;4318.23;4320.14;4316.29;4322.44;4316.29;4325.24;4316.29;421;164;;;;;;;;;;;;;;;;;;;;;;;;;;;;;
BASKET_CLOSE;2026.09.23 11:38:29;c;sell;165;;;;;;;;;;;;;;;;;;;;;;;;;;;;;;;;;;1;0.1;4318.1;4317.32;78;12;268;268;140;2026.09.23 11:38:00;29;230;2026.09.23 11:38:00;-32;;;
ENTRY;2026.09.23 11:39:03;b;sell;166;0;4316.73;4316.73;4317.27;54;-301;-304;-150;-279;4317.88;4317.89;4316.17;4316.88;4319.87;4316.17;4322.44;4316.17;4325.24;4316.17;1263;535;;;;;;;;;;;;;;;;;;;;;;;;;;;;;
NANPIN;2026.09.23 11:40:57;b;buy;154;6;4318.17;4317.63;4318.17;54;;;;;;;;;;;;;;;;;4319.39;2026.09.23 11:26:11;886;1.5;122;268;2026.09.23 11:38:00;4320.19;4316.17;146;2026.09.23 11:33:11;466;;;;;;;;;;;;;;;;;
BASKET_CLOSE;2026.09.23 11:47:44;b;sell;166;;;;;;;;;;;;;;;;;;;;;;;;;;;;;;;;;;1;0.1;4316.73;4315.88;85;13;521;521;104;2026.09.23 11:47:00;44;227;2026.09.23 11:47:00;-101;;;
ENTRY;2026.09.23 11:52:00;b;sell;167;0;4316.47;4316.54;4317.08;54;-212;-126;-37;-230;4318.07;4318.08;4316.45;4316.48;4319;4315.15;4319.87;4315.15;4325.24;4315.15;777;256;;;;;;;;;;;;;;;;;;;;;;;;;;;;;
ENTRY;2026.09.23 11:53:01;c;buy;168;0;4317.41;4317.01;4317.41;40;-114;83;-122;-183;4316.54;4317.53;4316.46;4317;4319;4316.13;4319;4315.15;4325.24;4315.15;1861;1797;;;;;;;;;;;;;;;;;;;;;;;;;;;;;
BASKET_CLOSE;2026.09.23 11:53:26;c;buy;168;;;;;;;;;;;;;;;;;;;;;;;;;;;;;;;;;;1;0.1;4317.41;4318;59;9;25;25;69;2026.09.23 11:53:00;26;41;;;;;
NANPIN;2026.09.23 11:59:02;b;sell;167;1;4318.2;4318.4;4318.93;53;;;;;;;;;;;;;;;;;4316.47;2026.09.23 11:52:00;422;1.5;173;280;2026.09.23 11:58:00;4319.27;4316.46;107;2026.09.23 11:59:00;2;;;;;;;;;;;;;;;;;
ENTRY;2026.09.23 12:01:00;c;sell;169;0;4318.3;4318.3;4318.84;54;14;15;50;197;4317.87;4318.93;4317.69;4318.18;4319.27;4316.56;4319.27;4315.15;4322.44;4315.15;1619;1351;;;;;;;;;;;;;;;;;;;;;;;;;;;;;
BASKET_CLOSE;2026.09.23 12:05:34;c;sell;169;;;;;;;;;;;;;;;;;;;;;;;;;;;;;;;;;;1;0.1;4318.3;4317.88;42;7;274;274;68;2026.09.23 12:05:00;34;230;;;;;
NANPIN;2026.09.23 12:11:31;b;sell;167;2;4319.38;4319.46;4319.99;53;;;;;;;;;;;;;;;;;4318.2;2026.09.23 11:59:02;749;1.533;118;186;2026.09.23 12:03:00;4320.06;4317.08;68;2026.09.23 12:09:00;151;;;;;;;;;;;;;;;;;
ENTRY;2026.09.23 12:15:00;c;buy;170;0;4320.19;4319.63;4320.17;54;14;185;194;185;4319.12;4320.02;4318.81;4319.78;4320.25;4318.46;4320.25;4317.08;4322.44;4315.15;1319;1294;;;;;;;;;;;;;;;;;;;;;;;;;;;;;
BASKET_CLOSE;2026.09.23 12:18:32;b;sell;167;;;;;;;;;;;;;;;;;;;;;;;;;;;;;;;;;;3;0.48;4318.405;4317.097;130.8;100;421;1592;145.5;2026.09.23 12:18:00;32;237.5;2026.09.23 12:18:00;-15.5;;;
NANPIN;2026.09.23 12:18:59;b;buy;154;7;4316.97;4316.42;4316.96;54;;;;;;;;;;;;;;;;;4318.17;2026.09.23 11:40:57;2282;1.5;120;248;2026.09.23 11:47:00;4320.25;4315.15;128;2026.09.23 11:47:57;1862;;;;;;;;;;;;;;;;;
ENTRY;2026.09.23 12:21:00;c;sell;171;0;4317.59;4317.59;4318.13;54;117;-125;-118;-19;4317.2;4317.86;4316.63;4317.48;4318.99;4315.5;4320.25;4315.5;4322.44;4315.15;1200;926;;;;;;;;;;;;;;;;;;;;;;;;;;;;;
BASKET_CLOSE;2026.09.23 12:21:45;c;sell;171;;;;;;;;;;;;;;;;;;;;;;;;;;;;;;;;;;1;0.1;4317.59;4316.49;110;17;45;45;124;2026.09.23 12:21:00;45;61;2026.09.23 12:21:00;-61;;;
NANPIN;2026.09.23 12:22:01;c;buy;170;1;4316.71;4316.17;4316.71;54;;;;;;;;;;;;;;;;;4320.19;2026.09.23 12:15:00;421;1.5;348;415;2026.09.23 12:19:00;4319.82;4315.5;67;2026.09.23 12:22:00;1;;;;;;;;;;;;;;;;;
BASKET_CLOSE;2026.09.23 12:24:09;c;buy;170;;;;;;;;;;;;;;;;;;;;;;;;;;;;;;;;;;2;0.25;4318.102;4318.45;34.8;14;128;549;122.8;2026.09.23 12:24:00;9;224.2;2026.09.23 12:23:00;-21.2;;;
ENTRY;2026.09.23 12:29:01;b;sell;172;0;4316.72;4316.81;4317.34;53;-275;39;-220;-97;4319.15;4319.22;4316.74;4316.74;4319.74;4316.74;4320.02;4315.5;4320.25;4315.15;2221;629;;;;;;;;;;;;;;;;;;;;;;;;;;;;;
ENTRY;2026.09.23 12:30:00;c;buy;173;0;4317.54;4317;4317.54;54;-217;-15;-184;-278;4316.72;4317.08;4315.75;4316.76;4319.74;4315.75;4319.82;4315.5;4320.25;4315.15;900;351;;;;;;;;;;;;;;;;;;;;;;;;;;;;;
BASKET_CLOSE;2026.09.23 12:30:47;c;buy;173;;;;;;;;;;;;;;;;;;;;;;;;;;;;;;;;;;1;0.1;4317.54;4318.66;112;18;47;47;143;2026.09.23 12:30:00;47;139;2026.09.23 12:30:00;-139;;;
BASKET_CLOSE;2026.09.23 12:33:26;b;sell;172;;;;;;;;;;;;;;;;;;;;;;;;;;;;;;;;;;1;0.1;4316.72;4315.56;116;18;265;265;205;2026.09.23 12:33:00;26;295;2026.09.23 12:33:00;-6;;;
ENTRY;2026.09.23 12:33:26;b;sell;174;0;4315.06;4315.23;4315.77;54;-332;-270;-391;-455;4316.81;4316.83;4315.56;4316.43;4319.22;4315.56;4319.74;4315.5;4320.25;4315.15;265;894;;;;;;;;;;;;;;;;;;;;;;;;;;;;;
NANPIN;2026.09.23 12:33:27;b;buy;154;8;4315.7;4315.16;4315.7;54;;;;;;;;;;;;;;;;;4316.97;2026.09.23 12:18:59;868;1.497;127;229;2026.09.23 12:33:00;4319.74;4314.14;102;2026.09.23 12:33:00;27;;;;;;;;;;;;;;;;;
BASKET_CLOSE;2026.09.23 12:34:27;b;sell;174;;;;;;;;;;;;;;;;;;;;;;;;;;;;;;;;;;1;0.1;4315.06;4314.07;99;16;61;61;133;2026.09.23 12:34:00;27;173;2026.09.23 12:34:00;-10;;;
ENTRY;2026.09.23 12:35:01;c;sell;175;0;4313.76;4313.63;4314.17;54;-280;-530;-501;-615;4314.22;4314.62;4313.19;4313.86;4319.14;4313.19;4319.74;4313.19;4320.25;4313.19;841;796;;;;;;;;;;;;;;;;;;;;;;;;;;;;;
NANPIN;2026.09.23 12:44:26;c;sell;175;1;4315.36;4315.48;4316.01;53;;;;;;;;;;;;;;;;;4313.76;2026.09.23 12:35:01;565;1.5;160;259;2026.09.23 12:44:00;4316.35;4313.6;99;2026.09.23 12:42:01;145;;;;;;;;;;;;;;;;;
NANPIN;2026.09.23 12:46:09;b;buy;154;9;4314.51;4314.06;4314.61;55;;;;;;;;;;;;;;;;;4315.7;2026.09.23 12:33:27;762;1.5;119;382;2026.09.23 12:46:00;4316.35;4311.34;263;2026.09.23 12:40:27;342;;;;;;;;;;;;;;;;;
BASKET_CLOSE;2026.09.23 12:46:23;c;sell;175;;;;;;;;;;;;;;;;;;;;;;;;;;;;;;;;;;2;0.25;4314.72;4313.045;167.5;66;117;682;285;2026.09.23 12:46:00;23;216;2026.09.23 12:46:00;-26;;;
ENTRY;2026.09.23 12:47:00;b;sell;176;0;4311.72;4311.72;4312.26;54;-444;-272;-745;-504;4314.45;4314.45;4311.34;4311.68;4316.35;4311.34;4316.83;4311.34;4320.25;4311.34;814;753;;;;;;;;;;;;;;;;;;;;;;;;;;;;;
BASKET_CLOSE;2026.09.23 12:48:28;b;sell;176;;;;;;;;;;;;;;;;;;;;;;;;;;;;;;;;;;1;0.1;4311.72;4311;72;11;88;88;186;2026.09.23 12:48:00;28;123;2026.09.23 12:48:00;-91;;;
NANPIN;2026.09.23 12:53:10;b;buy;154;10;4312.47;4311.98;4312.51;53;;;;;;;;;;;;;;;;;4314.51;2026.09.23 12:46:09;421;1.201;204;569;2026.09.23 12:49:00;4314.45;4308.27;365;2026.09.23 12:53:09;1;;;;;;;;;;;;;;;;;
ENTRY;2026.09.23 13:00:00;c;buy;177;0;4314.88;4314.35;4314.88;53;91;552;8;-181;4314.1;4314.1;4313.29;4313.86;4314.16;4312.07;4316.05;4308.27;4320.25;4308.27;1800;1753;;;;;;;;;;;;;;;;;;;;;;;;;;;;;
BASKET_CLOSE;2026.09.23 13:02:45;c;buy;177;;;;;;;;;;;;;;;;;;;;;;;;;;;;;;;;;;1;0.1;4314.88;4315.66;78;12;165;165;161;2026.09.23 13:02:00;45;150;2026.09.23 13:02:00;-96;;;
BASKET_CLOSE;2026.09.23 13:03:26;b;buy;154;;;;;;;;;;;;;;;;;;;;;;;;;;;;;;;;;;11;15.95;4315.555;4316.945;139.1;3411;616;9985;289.5;2026.09.23 13:03:00;26;420.5;2026.09.23 13:03:00;49.5;;;
ENTRY;2026.09.23 13:07:00;b;sell;178;0;4315.9;4315.9;4316.43;53;-178;264;410;-26;4316.84;4316.98;4315.88;4315.95;4318.61;4313.92;4318.61;4311.35;4320.25;4308.27;1200;1112;;;;;;;;;;;;;;;;;;;;;;;;;;;;;
ENTRY;2026.09.23 13:15:00;b;buy;179;0;4316.88;4316.35;4316.89;54;79;-133;296;249;4315.31;4316.87;4315.31;4316.39;4316.87;4314.93;4318.61;4313.38;4319.82;4308.27;10679;694;;;;;;;;;;;;;;;;;;;;;;;;;;;;;
ENTRY;2026.09.23 13:15:02;c;sell;180;0;4316.35;4316.33;4316.86;53;77;-135;294;247;4315.31;4316.87;4315.31;4316.39;4316.87;4314.93;4318.61;4313.38;4319.82;4308.27;2401;1719;;;;;;;;;;;;;;;;;;;;;;;;;;;;;
BASKET_CLOSE;2026.09.23 13:16:04;c;sell;180;;;;;;;;;;;;;;;;;;;;;;;;;;;;;;;;;;1;0.1;4316.35;4315.64;71;11;62;62;73;2026.09.23 13:16:00;4;66;;;;;
ENTRY;2026.09.23 13:23:01;c;buy;181;0;4316.53;4315.99;4316.53;54;-32;43;-218;213;4315.98;4316.07;4315.6;4315.81;4316.63;4315.55;4317.3;4314.93;4319.74;4308.27;1381;1216;;;;;;;;;;;;;;;;;;;;;;;;;;;;;
NANPIN;2026.09.23 13:23:26;b;buy;179;1;4315.6;4315.07;4315.6;53;;;;;;;;;;;;;;;;;4316.88;2026.09.23 13:15:00;506;1.5;128;177;2026.09.23 13:23:00;4316.63;4314.57;49;2026.09.23 13:23:00;26;;;;;;;;;;;;;;;;;
BASKET_CLOSE;2026.09.23 13:23:30;b;sell;178;;;;;;;;;;;;;;;;;;;;;;;;;;;;;;;;;;1;0.1;4315.9;4315.23;67;11;990;990;80;2026.09.23 13:23:00;30;193;;;;;
ENTRY;2026.09.23 13:23:31;b;sell;182;0;4314.7;4314.64;4315.17;53;-167;-92;-353;78;4315.98;4316.07;4315.6;4315.81;4316.63;4315.55;4317.3;4314.93;4319.74;4308.27;991;2103;;;;;;;;;;;;;;;;;;;;;;;;;;;;;
BASKET_CLOSE;2026.09.23 13:29:54;c;buy;181;;;;;;;;;;;;;;;;;;;;;;;;;;;;;;;;;;1;0.1;4316.53;4317.25;72;11;413;413;112;2026.09.23 13:29:00;54;224;2026.09.23 13:29:00;-42;;;
BASKET_CLOSE;2026.09.23 13:29:55;b;buy;179;;;;;;;;;;;;;;;;;;;;;;;;;;;;;;;;;;2;0.25;4316.112;4317.25;113.8;45;389;895;153.8;2026.09.23 13:29:00;55;182.2;2026.09.23 13:29:00;-0.2;;;
NANPIN;2026.09.23 13:30:32;b;sell;182;1;4318.34;4318.37;4318.91;54;;;;;;;;;;;;;;;;;4314.7;2026.09.23 13:23:31;421;1.5;364;411;2026.09.23 13:30:00;4318.81;4314.29;47;2026.09.23 13:30:31;1;;;;;;;;;;;;;;;;;
ENTRY;2026.09.23 13:32:00;c;buy;183;0;4317.69;4317.12;4317.66;54;-37;121;156;73;4317.51;4317.61;4316.32;4317.17;4318.81;4315.6;4318.81;4314.29;4318.81;4308.27;539;126;;;;;;;;;;;;;;;;;;;;;;;;;;;;;
BASKET_CLOSE;2026.09.23 13:32:05;c;buy;183;;;;;;;;;;;;;;;;;;;;;;;;;;;;;;;;;;1;0.1;4317.69;4318.42;73;12;5;5;88;2026.09.23 13:32:00;5;63;;;;;
BASKET_CLOSE;2026.09.23 13:35:24;b;sell;182;;;;;;;;;;;;;;;;;;;;;;;;;;;;;;;;;;2;0.25;4316.884;4316.21;67.4;26;292;713;165.4;2026.09.23 13:35:00;24;246.6;2026.09.23 13:35:00;48.4;;;
ENTRY;2026.09.23 13:38:01;b;buy;184;0;4315.92;4315.62;4316.16;54;73;-84;-20;-77;4316.29;4316.53;4315.39;4315.42;4318.26;4314.69;4318.81;4314.29;4318.81;4308.27;1381;486;;;;;;;;;;;;;;;;;;;;;;;;;;;;;
ENTRY;2026.09.23 13:39:00;b;sell;185;0;4315.28;4315.31;4315.84;53;-96;-108;-113;-108;4315.41;4315.94;4314.81;4315.18;4316.53;4314.69;4318.81;4314.29;4318.81;4308.27;929;216;;;;;;;;;;;;;;;;;;;;;;;;;;;;;
ENTRY;2026.09.23 13:41:01;c;sell;186;0;4314.98;4315.07;4315.61;54;-11;-241;-84;-132;4316.41;4316.41;4314.75;4314.94;4316.55;4314.75;4318.81;4314.29;4318.81;4308.27;1559;1497;;;;;;;;;;;;;;;;;;;;;;;;;;;;;
NANPIN;2026.09.23 13:47:21;b;buy;184;1;4314.74;4314.2;4314.74;54;;;;;;;;;;;;;;;;;4315.92;2026.09.23 13:38:01;560;1.5;118;273;2026.09.23 13:47:00;4316.55;4312.65;155;2026.09.23 13:47:00;21;;;;;;;;;;;;;;;;;
BASKET_CLOSE;2026.09.23 13:47:39;b;sell;185;;;;;;;;;;;;;;;;;;;;;;;;;;;;;;;;;;1;0.1;4315.28;4314.48;80;13;519;519;210;2026.09.23 13:47:00;39;180;2026.09.23 13:47:00;13;;;
BASKET_CLOSE;2026.09.23 13:47:40;c;sell;186;;;;;;;;;;;;;;;;;;;;;;;;;;;;;;;;;;1;0.1;4314.98;4314.24;74;12;399;399;179;2026.09.23 13:47:00;40;167;2026.09.23 13:47:00;-18;;;
ENTRY;2026.09.23 13:58:01;b;sell;187;0;4313.88;4313.89;4314.43;54;-97;92;-129;-360;4314.67;4315.5;4313.85;4313.88;4316;4313.85;4316.11;4312.17;4318.81;4312.17;1141;622;;;;;;;;;;;;;;;;;;;;;;;;;;;;;
ENTRY;2026.09.23 13:59:01;c;buy;188;0;4315.67;4314.92;4315.46;54;22;256;-147;-257;4313.86;4315.31;4313.86;4314.89;4316;4313.85;4316.11;4312.17;4318.81;4312.17;1621;1616;;;;;;;;;;;;;;;;;;;;;;;;;;;;;
BASKET_CLOSE;2026.09.23 14:01:42;c;buy;188;;;;;;;;;;;;;;;;;;;;;;;;;;;;;;;;;;1;0.1;4315.67;4316.35;68;11;161;161;68;2026.09.23 14:01:00;42;113;;;;;
BASKET_CLOSE;2026.09.23 14:01:56;b;buy;184;;;;;;;;;;;;;;;;;;;;;;;;;;;;;;;;;;2;0.25;4315.212;4315.76;54.8;21;875;1435;113.8;2026.09.23 14:01:00;56;304.2;2026.09.23 14:01:00;25.8;;;
BASKET_CLOSE;2026.09.23 14:03:50;b;sell;187;;;;;;;;;;;;;;;;;;;;;;;;;;;;;;;;;;1;0.1;4313.88;4313.13;75;12;349;349;76;2026.09.23 14:03:00;50;316;;;;;
ENTRY;2026.09.23 14:04:01;b;sell;189;0;4312.78;4312.75;4313.29;54;-304;-174;-284;-284;4315.13;4315.13;4312.58;4312.79;4316.5;4312.58;4316.5;4312.35;4318.81;4312.17;360;11;;;;;;;;;;;;;;;;;;;;;;;;;;;;;
ENTRY;2026.09.23 14:07:01;c;sell;190;0;4314.48;4314.46;4315;54;-28;-24;149;-113;4313.99;4314.62;4313.52;4314.35;4316.5;4312.58;4316.5;4312.58;4318.81;4312.17;1560;1161;;;;;;;;;;;;;;;;;;;;;;;;;;;;;
ENTRY;2026.09.23 14:08:00;c;buy;191;0;4315.06;4314.52;4315.06;54;50;64;216;-107;4314.4;4315.69;4314.13;4314.48;4315.69;4312.58;4316.5;4312.58;4318.81;4312.17;539;378;;;;;;;;;;;;;;;;;;;;;;;;;;;;;
ENTRY;2026.09.23 14:08:00;b;buy;192;0;4315.06;4314.52;4315.06;54;50;64;216;-107;4314.4;4315.69;4314.13;4314.48;4315.69;4312.58;4316.5;4312.58;4318.81;4312.17;1799;364;;;;;;;;;;;;;;;;;;;;;;;;;;;;;
BASKET_CLOSE;2026.09.23 14:10:18;c;buy;191;;;;;;;;;;;;;;;;;;;;;;;;;;;;;;;;;;1;0.1;4315.06;4315.96;90;14;138;138;128;2026.09.23 14:10:00;18;85;2026.09.23 14:10:00;0;;;
BASKET_CLOSE;2026.09.23 14:10:19;b;buy;192;;;;;;;;;;;;;;;;;;;;;;;;;;;;;;;;;;1;0.1;4315.06;4315.81;75;12;139;139;128;2026.09.23 14:10:00;19;85;2026.09.23 14:10:00;0;;;
NANPIN;2026.09.23 14:11:02;b;sell;189;1;4316.21;4316.19;4316.73;54;;;;;;;;;;;;;;;;;4312.78;2026.09.23 14:04:01;421;1.5;343;412;2026.09.23 14:11:00;4316.9;4312.64;69;2026.09.23 14:11:01;1;;;;;;;;;;;;;;;;;
NANPIN;2026.09.23 14:14:03;c;sell;190;1;4315.68;4315.68;4316.22;54;;;;;;;;;;;;;;;;;4314.48;2026.09.23 14:07:01;422;1.5;120;242;2026.09.23 14:11:00;4316.9;4313.85;122;2026.09.23 14:14:01;2;;;;;;;;;;;;;;;;;
BASKET_CLOSE;2026.09.23 14:18:04;c;sell;190;;;;;;;;;;;;;;;;;;;;;;;;;;;;;;;;;;2;0.25;4315.2;4313.765;143.5;56;241;663;153;2026.09.23 14:18:00;4;113;2026.09.23 14:17:00;-22;;;
BASKET_CLOSE;2026.09.23 14:18:32;b;sell;189;;;;;;;;;;;;;;;;;;;;;;;;;;;;;;;;;;2;0.25;4314.838;4314.325;51.3;20;450;871;116.8;2026.09.23 14:18:00;32;260.2;2026.09.23 14:18:00;10.8;;;
ENTRY;2026.09.23 14:21:01;c;sell;193;0;4310.37;4310.35;4310.89;54;-352;-593;-544;-500;4311.03;4311.51;4310.18;4310.25;4314.89;4310.18;4316.9;4310.18;4318.81;4310.18;840;177;;;;;;;;;;;;;;;;;;;;;;;;;;;;;
BASKET_CLOSE;2026.09.23 14:21:44;c;sell;193;;;;;;;;;;;;;;;;;;;;;;;;;;;;;;;;;;1;0.1;4310.37;4309.46;91;14;43;43;107;2026.09.23 14:21:00;44;67;2026.09.23 14:21:00;-67;;;
ENTRY;2026.09.23 14:29:01;b;buy;194;0;4307.89;4307.37;4307.92;55;365;-650;-773;-798;4305.51;4307.39;4304.82;4307.33;4308.64;4303.58;4315.79;4303.58;4318.81;4303.58;1261;1122;;;;;;;;;;;;;;;;;;;;;;;;;;;;;
ENTRY;2026.09.23 14:31:01;b;sell;195;0;4302.34;4302.22;4302.77;55;-511;-803;-1416;-1265;4306.08;4306.84;4302.17;4302.29;4307.65;4302.17;4314.89;4302.17;4318.57;4302.17;1620;749;;;;;;;;;;;;;;;;;;;;;;;;;;;;;
BASKET_CLOSE;2026.09.23 14:35:43;b;sell;195;;;;;;;;;;;;;;;;;;;;;;;;;;;;;;;;;;1;0.1;4302.34;4301.57;77;12;282;282;88;2026.09.23 14:35:00;43;115;;;;;
NANPIN;2026.09.23 14:36:02;b;buy;194;1;4302.69;4302.02;4302.57;55;;;;;;;;;;;;;;;;;4307.89;2026.09.23 14:29:01;421;1.5;520;643;2026.09.23 14:35:00;4307.65;4300.91;123;2026.09.23 14:36:01;1;;;;;;;;;;;;;;;;;
BASKET_CLOSE;2026.09.23 14:45:32;b;buy;194;;;;;;;;;;;;;;;;;;;;;;;;;;;;;;;;;;2;0.25;4304.77;4306.18;141;56;570;991;177;2026.09.23 14:45:00;32;1023;2026.09.23 14:45:00;-48;;;
ENTRY;2026.09.23 14:48:01;c;buy;196;0;4307.22;4306.67;4307.22;55;40;662;-66;60;4307.87;4308.1;4305.79;4306.65;4308.1;4300.76;4308.1;4294.54;4316.9;4294.54;2401;2263;;;;;;;;;;;;;;;;;;;;;;;;;;;;;
BASKET_CLOSE;2026.09.23 14:48:41;c;buy;196;;;;;;;;;;;;;;;;;;;;;;;;;;;;;;;;;;1;0.1;4307.22;4307.81;59;9;40;40;70;2026.09.23 14:48:00;41;303;;;;;
ENTRY;2026.09.23 14:51:01;b;sell;197;0;4306.41;4306.37;4306.93;56;-120;728;443;30;4307.08;4307.16;4305.61;4306.42;4308.2;4304.19;4308.2;4294.54;4316.9;4294.54;1200;918;;;;;;;;;;;;;;;;;;;;;;;;;;;;;
ENTRY;2026.09.23 14:53:01;b;buy;198;0;4309.36;4308.81;4309.36;55;239;736;701;274;4307.47;4309.8;4307.4;4308.73;4309.8;4304.19;4309.8;4294.54;4316.9;4294.54;1440;449;;;;;;;;;;;;;;;;;;;;;;;;;;;;;
NANPIN;2026.09.23 14:58:02;b;sell;197;1;4309.25;4309.25;4309.79;54;;;;;;;;;;;;;;;;;4306.41;2026.09.23 14:51:01;421;1.5;284;339;2026.09.23 14:52:00;4309.8;4306.37;55;2026.09.23 14:58:01;1;;;;;;;;;;;;;;;;;
BASKET_CLOSE;2026.09.23 15:00:17;b;buy;198;;;;;;;;;;;;;;;;;;;;;;;;;;;;;;;;;;1;0.1;4309.36;4309.85;49;8;436;436;315;2026.09.23 15:00:00;17;150;2026.09.23 15:00:00;-57;;;
ENTRY;2026.09.23 15:01:01;b;buy;199;0;4311.83;4311.69;4312.23;54;348;527;1038;720;4309.16;4312.51;4308.79;4311.21;4312.51;4307.86;4312.51;4304.19;4316.9;4294.54;480;44;;;;;;;;;;;;;;;;;;;;;;;;;;;;;
BASKET_CLOSE;2026.09.23 15:01:35;b;buy;199;;;;;;;;;;;;;;;;;;;;;;;;;;;;;;;;;;1;0.1;4311.83;4312.37;54;9;34;34;128;2026.09.23 15:01:00;35;132;2026.09.23 15:01:00;-132;;;
NANPIN;2026.09.23 15:05:03;b;sell;197;2;4312.33;4312.9;4313.44;54;;;;;;;;;;;;;;;;;4309.25;2026.09.23 14:58:02;421;1.533;308;476;2026.09.23 15:05:00;4314.01;4308.17;168;2026.09.23 15:05:02;1;;;;;;;;;;;;;;;;;
NANPIN;2026.09.23 15:13:12;b;sell;197;3;4316.07;4315.96;4316.51;55;;;;;;;;;;;;;;;;;4312.33;2026.09.23 15:05:03;489;1.478;374;517;2026.09.23 15:12:00;4317.5;4311.99;143;2026.09.23 15:12:03;69;;;;;;;;;;;;;;;;;
BASKET_CLOSE;2026.09.23 15:21:35;b;sell;197;;;;;;;;;;;;;;;;;;;;;;;;;;;;;;;;;;4;0.82;4312.595;4312.035;56;78;503;1834;222.5;2026.09.23 15:21:00;35;676.5;2026.09.23 15:21:00;-64.5;;;
ENTRY;2026.09.23 15:23:01;c;sell;200;0;4312.19;4312.23;4312.77;54;-37;-491;-78;306;4311.1;4312.78;4310.43;4312.2;4316.17;4309.82;4318.81;4309.82;4318.81;4294.54;3720;3677;;;;;;;;;;;;;;;;;;;;;;;;;;;;;
BASKET_CLOSE;2026.09.23 15:23:41;c;sell;200;;;;;;;;;;;;;;;;;;;;;;;;;;;;;;;;;;1;0.1;4312.19;4311.29;90;14;40;40;112;2026.09.23 15:23:00;41;66;2026.09.23 15:23:00;-66;;;
ENTRY;2026.09.23 15:25:01;b;buy;201;0;4314.65;4313.97;4314.52;55;177;-454;19;480;4311.34;4314.45;4311.33;4314.34;4314.75;4309.82;4318.81;4309.82;4318.81;4294.54;1440;1406;;;;;;;;;;;;;;;;;;;;;;;;;;;;;
ENTRY;2026.09.23 15:28:01;b;sell;202;0;4311.96;4311.94;4312.49;55;-166;-220;-188;277;4311.6;4312.9;4311.31;4311.56;4314.55;4310.53;4318.81;4309.82;4318.81;4294.54;2220;386;;;;;;;;;;;;;;;;;;;;;;;;;;;;;
BASKET_CLOSE;2026.09.23 15:28:17;b;sell;202;;;;;;;;;;;;;;;;;;;;;;;;;;;;;;;;;;1;0.1;4311.96;4311.15;81;13;16;16;107;2026.09.23 15:28:00;17;113;2026.09.23 15:28:00;-113;;;
NANPIN;2026.09.23 15:32:01;b;buy;201;1;4310.2;4309.65;4310.2;55;;;;;;;;;;;;;;;;;4314.65;2026.09.23 15:25:01;420;1.5;445;631;2026.09.23 15:32:00;4314.55;4307.79;186;2026.09.23 15:32:01;0;;;;;;;;;;;;;;;;;
NANPIN;2026.09.23 15:39:05;b;buy;201;2;4304.8;4304.24;4304.79;55;;;;;;;;;;;;;;;;;4310.2;2026.09.23 15:32:01;424;1.533;540;641;2026.09.23 15:39:00;4310.75;4303.24;101;2026.09.23 15:39:01;4;;;;;;;;;;;;;;;;;
BASKET_CLOSE;2026.09.23 15:59:40;b;buy;201;;;;;;;;;;;;;;;;;;;;;;;;;;;;;;;;;;3;0.48;4308.54;4309.977;143.7;108;1235;2079;221;2026.09.23 15:59:00;40;786;2026.09.23 15:59:00;-99;;;
ENTRY;2026.09.23 18:36:01;b;buy;203;0;4285.41;4284.79;4285.34;55;319;-809;-782;-892;4283.9;4285.7;4282.69;4285.06;4285.7;4280.42;4293.68;4280.42;4298.46;4280.42;11460;9381;;;;;;;;;;;;;;;;;;;;;;;;;;;;;
ENTRY;2026.09.23 18:38:00;b;sell;204;0;4281.98;4281.99;4282.54;55;-307;-738;-935;-1172;4283.01;4283.34;4281.22;4281.99;4285.9;4280.42;4293.68;4280.42;4298.46;4280.42;11399;11383;;;;;;;;;;;;;;;;;;;;;;;;;;;;;
BASKET_CLOSE;2026.09.23 18:39:30;b;sell;204;;;;;;;;;;;;;;;;;;;;;;;;;;;;;;;;;;1;0.1;4281.98;4281;98;16;90;90;271;2026.09.23 18:39:00;30;140;2026.09.23 18:39:00;-101;;;
NANPIN;2026.09.23 18:43:02;b;buy;203;1;4283.1;4282.51;4283.07;56;;;;;;;;;;;;;;;;;4285.41;2026.09.23 18:36:01;421;1.5;231;614;2026.09.23 18:39:00;4285.9;4278.72;383;2026.09.23 18:43:01;1;;;;;;;;;;;;;;;;;
BASKET_CLOSE;2026.09.23 18:45:46;b;buy;203;;;;;;;;;;;;;;;;;;;;;;;;;;;;;;;;;;2;0.25;4284.024;4284.64;61.6;24;164;585;116.6;2026.09.23 18:45:00;46;236.4;2026.09.23 18:45:00;-55.4;;;
ENTRY;2026.09.23 18:48:01;b;sell;205;0;4282.23;4282.15;4282.71;56;-280;16;-413;-101;4284.73;4284.76;4281.65;4282.15;4285.19;4281.65;4285.9;4278.72;4298.46;4278.72;601;511;;;;;;;;;;;;;;;;;;;;;;;;;;;;;
BASKET_CLOSE;2026.09.23 18:48:42;b;sell;205;;;;;;;;;;;;;;;;;;;;;;;;;;;;;;;;;;1;0.1;4282.23;4281.52;71;11;41;41;223;2026.09.23 18:48:00;42;171;2026.09.23 18:48:00;-171;;;
ENTRY;2026.09.23 18:51:00;c;buy;206;0;4280.02;4279.36;4279.92;56;-47;-43;-282;-380;4277.71;4279.68;4277.13;4279.41;4284.95;4277.13;4285.9;4277.13;4298.46;4277.13;14579;14539;;;;;;;;;;;;;;;;;;;;;;;;;;;;;
BASKET_CLOSE;2026.09.23 18:52:13;c;buy;206;;;;;;;;;;;;;;;;;;;;;;;;;;;;;;;;;;1;0.1;4280.02;4280.85;83;13;73;73;94;2026.09.23 18:52:00;13;199;;;;;
ENTRY;2026.09.23 18:53:01;b;buy;207;0;4280.64;4279.9;4280.45;55;49;-260;-170;-326;4279.76;4280.96;4279.51;4279.93;4283.38;4277.13;4285.19;4277.13;4298.46;4277.13;1020;435;;;;;;;;;;;;;;;;;;;;;;;;;;;;;
ENTRY;2026.09.23 18:55:01;c;sell;208;0;4280.81;4280.81;4281.36;55;88;-322;-425;-235;4280.05;4281.18;4279.91;4280.79;4281.18;4277.13;4285.19;4277.13;4297.37;4277.13;12720;12680;;;;;;;;;;;;;;;;;;;;;;;;;;;;;
BASKET_CLOSE;2026.09.23 18:55:05;b;buy;207;;;;;;;;;;;;;;;;;;;;;;;;;;;;;;;;;;1;0.1;4280.64;4281.32;68;11;124;124;99;2026.09.23 18:55:00;5;141;;;;;
BASKET_CLOSE;2026.09.23 19:02:48;c;sell;208;;;;;;;;;;;;;;;;;;;;;;;;;;;;;;;;;;1;0.1;4280.81;4279.93;88;14;467;467;148;2026.09.23 19:02:00;48;284;2026.09.23 19:02:00;-108;;;
ENTRY;2026.09.23 21:32:00;b;buy;209;0;4287.65;4287.09;4287.65;56;112;-140;-148;-218;4285.05;4287.25;4285.01;4287.18;4287.33;4283.62;4291.38;4283.62;4294.67;4274.68;9539;9415;;;;;;;;;;;;;;;;;;;;;;;;;;;;;
ENTRY;2026.09.23 21:36:01;b;sell;210;0;4287.22;4287.22;4287.79;57;74;-17;-122;-205;4286.68;4287.41;4286.35;4287.22;4287.5;4285.01;4290.83;4283.62;4294.67;4274.68;10080;10039;;;;;;;;;;;;;;;;;;;;;;;;;;;;;
BASKET_CLOSE;2026.09.23 21:38:08;b;sell;210;;;;;;;;;;;;;;;;;;;;;;;;;;;;;;;;;;1;0.1;4287.22;4286.37;85;13;127;127;149;2026.09.23 21:38:00;8;95;2026.09.23 21:38:00;16;;;
NANPIN;2026.09.23 21:39:02;b;buy;209;1;4286.02;4285.59;4286.15;56;;;;;;;;;;;;;;;;;4287.65;2026.09.23 21:32:00;422;1.5;163;234;2026.09.23 21:39:00;4287.6;4284.75;71;2026.09.23 21:39:00;2;;;;;;;;;;;;;;;;;
ENTRY;2026.09.23 21:40:00;c;buy;211;0;4285.84;4285.29;4285.84;55;-89;-68;-527;-398;4285.61;4285.68;4284.75;4285.02;4287.6;4284.75;4288.34;4283.62;4294.67;4274.68;10140;10067;;;;;;;;;;;;;;;;;;;;;;;;;;;;;
BASKET_CLOSE;2026.09.23 21:42:22;c;buy;211;;;;;;;;;;;;;;;;;;;;;;;;;;;;;;;;;;1;0.1;4285.84;4286.36;52;8;142;142;68;2026.09.23 21:42:00;22;136;;;;;
ENTRY;2026.09.23 21:44:01;c;sell;212;0;4285.01;4284.97;4285.52;55;-58;-151;-279;-430;4285.33;4285.96;4284.83;4285.02;4286.52;4284.48;4287.6;4283.62;4294.67;4283.62;10140;9673;;;;;;;;;;;;;;;;;;;;;;;;;;;;;
BASKET_CLOSE;2026.09.23 21:45:11;c;sell;212;;;;;;;;;;;;;;;;;;;;;;;;;;;;;;;;;;1;0.1;4285.01;4284.26;75;12;70;70;177;2026.09.23 21:45:00;11;80;2026.09.23 21:45:00;17;;;
NANPIN;2026.09.23 21:46:51;b;buy;209;2;4283.99;4283.43;4283.99;56;;;;;;;;;;;;;;;;;4286.02;2026.09.23 21:39:02;469;1.533;203;277;2026.09.23 21:45:00;4286.52;4282.69;74;2026.09.23 21:46:02;49;;;;;;;;;;;;;;;;;
ENTRY;2026.09.23 21:49:22;b;buy;213;0;4287.27;4286.74;4287.29;55;297;113;77;77;4284.73;4286.19;4284.56;4285.99;4286.19;4282.69;4287.6;4282.69;4294.67;4282.69;1042;10457;;;;;;;;;;;;;;;;;;;;;;;;;;;;;
BASKET_CLOSE;2026.09.23 21:49:24;b;buy;209;;;;;;;;;;;;;;;;;;;;;;;;;;;;;;;;;;3;0.48;4285.387;4286.667;128;97;153;1044;160.3;2026.09.23 21:49:00;24;207.7;2026.09.23 21:49:00;60.3;;;
ENTRY;2026.09.23 21:53:01;c;buy;214;0;4288.05;4287.47;4288.03;56;81;217;99;150;4287.31;4287.83;4287.12;4287.5;4287.83;4284.56;4287.83;4282.69;4294.67;4282.69;781;639;;;;;;;;;;;;;;;;;;;;;;;;;;;;;
BASKET_CLOSE;2026.09.23 21:54:58;b;buy;213;;;;;;;;;;;;;;;;;;;;;;;;;;;;;;;;;;1;0.1;4287.27;4287.95;68;11;336;336;94;2026.09.23 21:54:00;58;128;;;;;
BASKET_CLOSE;2026.09.23 21:55:34;c;buy;214;;;;;;;;;;;;;;;;;;;;;;;;;;;;;;;;;;1;0.1;4288.05;4288.78;73;12;153;153;173;2026.09.23 21:55:00;34;145;2026.09.23 21:55:00;-96;;;
ENTRY;2026.09.23 22:02:00;b;sell;215;0;4289.61;4289.61;4290.16;55;-52;231;431;540;4289.75;4290.45;4289.21;4289.62;4290.45;4288.4;4290.45;4283.77;4294.67;4282.69;1559;1432;;;;;;;;;;;;;;;;;;;;;;;;;;;;;
BASKET_CLOSE;2026.09.23 22:03:23;b;sell;215;;;;;;;;;;;;;;;;;;;;;;;;;;;;;;;;;;1;0.1;4289.61;4288.78;83;13;83;83;150;2026.09.23 22:03:00;23;110;2026.09.23 22:03:00;-110;;;
ENTRY;2026.09.23 22:07:00;b;buy;216;0;4291.44;4290.88;4291.43;55;246;184;623;667;4288.32;4291.46;4288.24;4291.29;4291.46;4287.49;4291.46;4286.6;4291.46;4282.69;1058;722;;;;;;;;;;;;;;;;;;;;;;;;;;;;;
BASKET_CLOSE;2026.09.23 22:07:28;b;buy;216;;;;;;;;;;;;;;;;;;;;;;;;;;;;;;;;;;1;0.1;4291.44;4292.16;72;11;28;28;138;2026.09.23 22:07:00;28;130;2026.09.23 22:07:00;-130;;;
ENTRY;2026.09.23 22:13:00;c;sell;217;0;4287.63;4287.63;4288.18;55;-161;-207;65;342;4289.79;4289.83;4287.39;4287.64;4293.09;4287.39;4293.09;4287.39;4293.09;4282.69;1739;1669;;;;;;;;;;;;;;;;;;;;;;;;;;;;;
BASKET_CLOSE;2026.09.23 22:13:19;c;sell;217;;;;;;;;;;;;;;;;;;;;;;;;;;;;;;;;;;1;0.1;4287.63;4286.97;66;10;19;19;116;2026.09.23 22:13:00;19;55;2026.09.23 22:13:00;-55;;;
ENTRY;2026.09.23 22:14:01;c;buy;218;0;4287.3;4286.92;4287.47;55;-290;-100;-129;271;4287.63;4287.63;4285.92;4286.59;4291.43;4285.92;4293.09;4285.92;4293.09;4282.69;1260;1107;;;;;;;;;;;;;;;;;;;;;;;;;;;;;
ENTRY;2026.09.23 22:15:00;c;sell;219;0;4284.42;4284.41;4284.95;54;-323;-401;-527;-572;4286.58;4286.92;4284.28;4284.33;4290.12;4284.28;4293.09;4284.28;4293.09;4282.69;120;101;;;;;;;;;;;;;;;;;;;;;;;;;;;;;
ENTRY;2026.09.23 22:18:01;b;buy;220;0;4285.8;4285.32;4285.87;55;164;-696;-480;-481;4285.23;4285.34;4284.34;4285.33;4287.63;4283.22;4293.09;4283.22;4293.09;4282.69;661;633;;;;;;;;;;;;;;;;;;;;;;;;;;;;;
ENTRY;2026.09.23 22:20:00;b;sell;221;0;4283.98;4284.1;4284.64;54;-123;-527;-552;-603;4284.72;4285.43;4283.43;4283.99;4285.46;4283.22;4293.09;4283.22;4293.09;4282.69;1080;997;;;;;;;;;;;;;;;;;;;;;;;;;;;;;
NANPIN;2026.09.23 22:21:01;c;buy;218;1;4284.36;4283.9;4284.45;55;;;;;;;;;;;;;;;;;4287.3;2026.09.23 22:14:01;420;1.5;294;353;2026.09.23 22:16:00;4286.92;4283.22;59;2026.09.23 22:21:01;0;;;;;;;;;;;;;;;;;
NANPIN;2026.09.23 22:24:46;c;sell;219;1;4285.75;4285.75;4286.3;55;;;;;;;;;;;;;;;;;4284.42;2026.09.23 22:15:00;586;1.5;133;147;2026.09.23 22:24:00;4285.89;4283.22;14;2026.09.23 22:24:00;46;;;;;;;;;;;;;;;;;
NANPIN;2026.09.23 22:27:33;b;sell;221;1;4285.22;4285.23;4285.78;55;;;;;;;;;;;;;;;;;4283.98;2026.09.23 22:20:00;453;1.5;124;253;2026.09.23 22:27:00;4286.51;4283.24;129;2026.09.23 22:27:00;33;;;;;;;;;;;;;;;;;
BASKET_CLOSE;2026.09.23 22:27:53;b;buy;220;;;;;;;;;;;;;;;;;;;;;;;;;;;;;;;;;;1;0.1;4285.8;4286.5;70;11;592;592;71;2026.09.23 22:27:00;53;256;;;;;
ENTRY;2026.09.23 22:29:15;c;buy;222;0;4287.62;4287.07;4287.62;55;269;234;-230;-306;4286.11;4286.84;4285.71;4286.84;4286.84;4284.2;4286.92;4283.22;4293.09;4282.69;914;2021;;;;;;;;;;;;;;;;;;;;;;;;;;;;;
BASKET_CLOSE;2026.09.23 22:29:17;c;buy;218;;;;;;;;;;;;;;;;;;;;;;;;;;;;;;;;;;2;0.25;4285.536;4286.88;134.4;53;496;916;153.4;2026.09.23 22:29:00;17;229.6;2026.09.23 22:28:00;17.4;;;
BASKET_CLOSE;2026.09.23 22:32:45;c;sell;219;;;;;;;;;;;;;;;;;;;;;;;;;;;;;;;;;;2;0.25;4285.218;4284.595;62.3;24;479;1065;110.8;2026.09.23 22:32:00;45;258.2;2026.09.23 22:32:00;8.8;;;
ENTRY;2026.09.23 22:36:01;b;buy;223;0;4285.14;4284.61;4285.17;56;-27;-39;-61;28;4285.4;4285.63;4284.55;4284.66;4286.64;4283.56;4287.25;4283.24;4293.09;4282.69;1080;488;;;;;;;;;;;;;;;;;;;;;;;;;;;;;
NANPIN;2026.09.23 22:36:17;c;buy;222;1;4285.47;4284.93;4285.48;55;;;;;;;;;;;;;;;;;4287.62;2026.09.23 22:29:15;422;1.5;215;381;2026.09.23 22:36:00;4287.25;4283.26;166;2026.09.23 22:36:15;2;;;;;;;;;;;;;;;;;
BASKET_CLOSE;2026.09.23 22:37:31;b;sell;221;;;;;;;;;;;;;;;;;;;;;;;;;;;;;;;;;;2;0.25;4284.724;4284.18;54.4;21;598;1051;162.4;2026.09.23 22:37:00;31;307.6;2026.09.23 22:37:00;47.4;;;
ENTRY;2026.09.23 22:37:31;b;sell;224;0;4283.5;4283.32;4283.87;55;-209;-106;-201;-101;4284.62;4285.18;4283.26;4283.56;4285.63;4283.26;4287.25;4283.26;4293.09;4282.69;1051;2048;;;;;;;;;;;;;;;;;;;;;;;;;;;;;
BASKET_CLOSE;2026.09.23 22:38:01;b;sell;224;;;;;;;;;;;;;;;;;;;;;;;;;;;;;;;;;;1;0.1;4283.5;4282.38;112;18;30;30;203;2026.09.23 22:38:00;1;75;2026.09.23 22:38:00;50;;;
ENTRY;2026.09.23 22:38:01;c;sell;225;0;4281.91;4281.83;4282.37;54;-283;-429;-290;-250;4283.55;4283.7;4282.55;4282.55;4285.63;4282.55;4287.25;4282.55;4293.09;4282.55;1381;316;;;;;;;;;;;;;;;;;;;;;;;;;;;;;
NANPIN;2026.09.23 22:43:02;b;buy;223;1;4283.2;4282.66;4283.19;53;;;;;;;;;;;;;;;;;4285.14;2026.09.23 22:36:01;421;1.5;194;366;2026.09.23 22:38:00;4285.18;4280.92;172;2026.09.23 22:43:01;1;;;;;;;;;;;;;;;;;
NANPIN;2026.09.23 22:43:18;c;buy;222;2;4283.44;4282.9;4283.44;54;;;;;;;;;;;;;;;;;4285.47;2026.09.23 22:36:17;421;1.533;203;400;2026.09.23 22:38:00;4285.18;4280.92;197;2026.09.23 22:43:17;1;;;;;;;;;;;;;;;;;
NANPIN;2026.09.23 22:45:07;c;sell;225;1;4283.1;4283.17;4283.73;56;;;;;;;;;;;;;;;;;4281.91;2026.09.23 22:38:01;426;1.5;119;279;2026.09.23 22:41:00;4284.7;4280.92;160;2026.09.23 22:45:01;6;;;;;;;;;;;;;;;;;
ENTRY;2026.09.23 22:46:57;b;buy;226;0;4285.89;4285.33;4285.89;56;336;67;95;-120;4282.22;4283.86;4282.08;4283.45;4284.7;4281.46;4286.64;4280.92;4293.09;4280.92;656;1144;;;;;;;;;;;;;;;;;;;;;;;;;;;;;
BASKET_CLOSE;2026.09.23 22:46:58;b;buy;223;;;;;;;;;;;;;;;;;;;;;;;;;;;;;;;;;;2;0.25;4283.976;4285.33;135.4;54;236;657;136.4;2026.09.23 22:46:00;58;251.6;2026.09.23 22:46:00;-72.6;;;
BASKET_CLOSE;2026.09.23 22:47:43;c;buy;222;;;;;;;;;;;;;;;;;;;;;;;;;;;;;;;;;;3;0.48;4284.945;4285.153;20.8;17;265;1108;129.5;2026.09.23 22:47:00;43;348.5;2026.09.23 22:47:00;1.5;;;
ENTRY;2026.09.23 22:49:00;c;buy;227;0;4286.38;4285.83;4286.39;56;70;428;-70;-70;4285.53;4286.16;4285.04;4285.92;4286.24;4281.46;4286.24;4280.92;4293.09;4280.92;1185;77;;;;;;;;;;;;;;;;;;;;;;;;;;;;;
BASKET_CLOSE;2026.09.23 22:49:53;b;buy;226;;;;;;;;;;;;;;;;;;;;;;;;;;;;;;;;;;1;0.1;4285.89;4286.29;40;6;176;176;68;2026.09.23 22:49:00;53;264;;;;;
NANPIN;2026.09.23 22:52:09;c;sell;225;2;4286.8;4286.82;4287.37;55;;;;;;;;;;;;;;;;;4283.1;2026.09.23 22:45:07;422;1.533;370;381;2026.09.23 22:50:00;4286.91;4282.08;11;2026.09.23 22:52:07;2;;;;;;;;;;;;;;;;;
ENTRY;2026.09.23 22:53:01;b;sell;228;0;4284.46;4284.58;4285.13;55;-153;198;-30;-195;4286.54;4286.83;4284.03;4284.22;4286.91;4284.03;4286.91;4280.92;4293.09;4280.92;930;900;;;;;;;;;;;;;;;;;;;;;;;;;;;;;
BASKET_CLOSE;2026.09.23 22:54:57;b;sell;228;;;;;;;;;;;;;;;;;;;;;;;;;;;;;;;;;;1;0.1;4284.46;4283.77;69;11;116;116;103;2026.09.23 22:54:00;57;107;2026.09.23 22:54:00;-66;;;
BASKET_CLOSE;2026.09.23 22:55:02;c;sell;225;;;;;;;;;;;;;;;;;;;;;;;;;;;;;;;;;;3;0.48;4284.625;4284.583;4.2;5;173;1021;174.5;2026.09.23 22:55:00;2;275.5;2026.09.23 22:54:00;-49.5;;;
NANPIN;2026.09.23 22:56:01;c;buy;227;1;4283.73;4283.34;4283.89;55;;;;;;;;;;;;;;;;;4286.38;2026.09.23 22:49:00;421;1.5;265;349;2026.09.23 22:55:00;4286.91;4282.33;84;2026.09.23 22:56:00;1;;;;;;;;;;;;;;;;;
ENTRY;2026.09.23 22:59:01;c;sell;229;0;4283.1;4282.94;4283.49;55;20;-298;106;-359;4283.17;4283.98;4283.05;4283.18;4284.57;4281.81;4286.91;4281.46;4293.09;4280.92;1260;239;;;;;;;;;;;;;;;;;;;;;;;;;;;;;
BASKET_CLOSE;2026.09.23 23:05:24;c;buy;227;;;;;;;;;;;;;;;;;;;;;;;;;;;;;;;;;;2;0.25;4284.79;4286.23;144;57;563;984;187;2026.09.23 23:05:00;24;298;2026.09.23 23:05:00;-11;;;
NANPIN;2026.09.23 23:06:02;c;sell;229;1;4286.45;4286.46;4287.03;57;;;;;;;;;;;;;;;;;4283.1;2026.09.23 22:59:01;421;1.5;335;454;2026.09.23 23:06:00;4287.64;4282.86;119;2026.09.23 23:06:01;1;;;;;;;;;;;;;;;;;
ENTRY;2026.09.23 23:07:00;c;buy;230;0;4287.85;4287.29;4287.85;56;253;455;175;508;4286.48;4287.64;4286.35;4287.24;4287.64;4284.36;4287.64;4281.81;4293.09;4280.92;1080;96;;;;;;;;;;;;;;;;;;;;;;;;;;;;;
ENTRY;2026.09.23 23:10:01;b;sell;231;0;4286.87;4286.95;4287.52;57;7;297;84;474;4286.67;4287.22;4286.46;4286.96;4287.64;4284.68;4287.64;4281.81;4290.12;4280.92;1020;904;;;;;;;;;;;;;;;;;;;;;;;;;;;;;
BASKET_CLOSE;2026.09.23 23:11:15;b;sell;231;;;;;;;;;;;;;;;;;;;;;;;;;;;;;;;;;;1;0.1;4286.87;4286.19;68;11;74;74;146;2026.09.23 23:11:00;15;78;2026.09.23 23:11:00;28;;;
NANPIN;2026.09.23 23:14:02;c;buy;230;1;4286.14;4285.58;4286.14;56;;;;;;;;;;;;;;;;;4287.85;2026.09.23 23:07:00;422;1.5;171;270;2026.09.23 23:14:00;4287.33;4284.59;99;2026.09.23 23:14:00;2;;;;;;;;;;;;;;;;;
ENTRY;2026.09.23 23:17:00;b;buy;232;0;4286.12;4285.56;4286.12;56;89;-168;232;158;4284.87;4285.54;4284.73;4285.54;4285.67;4284.2;4287.64;4284.2;4287.64;4280.92;1803;1627;;;;;;;;;;;;;;;;;;;;;;;;;;;;;
ENTRY;2026.09.23 23:20:01;b;sell;233;0;4283.46;4283.29;4283.85;56;-211;-367;-45;-69;4284.77;4284.81;4283.17;4283.17;4285.69;4283.17;4287.64;4283.17;4287.64;4280.92;600;526;;;;;;;;;;;;;;;;;;;;;;;;;;;;;
BASKET_CLOSE;2026.09.23 23:20:02;c;sell;229;;;;;;;;;;;;;;;;;;;;;;;;;;;;;;;;;;2;0.25;4285.11;4283.815;129.5;52;840;1261;187;2026.09.23 23:20:00;2;310;2026.09.23 23:19:00;-27;;;
NANPIN;2026.09.23 23:21:03;c;buy;230;2;4283.04;4282.47;4283.03;56;;;;;;;;;;;;;;;;;4286.14;2026.09.23 23:14:02;421;1.533;310;315;2026.09.23 23:21:00;4285.69;4282.43;5;2026.09.23 23:21:02;1;;;;;;;;;;;;;;;;;
NANPIN;2026.09.23 23:24:01;b;buy;232;1;4284.5;4283.94;4284.5;56;;;;;;;;;;;;;;;;;4286.12;2026.09.23 23:17:00;421;1.5;162;313;2026.09.23 23:21:00;4285.69;4282.43;151;2026.09.23 23:24:00;1;;;;;;;;;;;;;;;;;
NANPIN;2026.09.23 23:29:41;b;sell;233;1;4284.75;4284.75;4285.31;56;;;;;;;;;;;;;;;;;4283.46;2026.09.23 23:20:01;580;1.5;129;174;2026.09.23 23:29:00;4285.2;4282.43;45;2026.09.23 23:29:00;41;;;;;;;;;;;;;;;;;
NANPIN;2026.09.23 23:34:42;b;buy;232;2;4283.04;4282.48;4283.04;56;;;;;;;;;;;;;;;;;4284.5;2026.09.23 23:24:01;641;1.533;146;155;2026.09.23 23:34:00;4285.87;4282.39;9;2026.09.23 23:33:00;102;;;;;;;;;;;;;;;;;
BASKET_CLOSE;2026.09.23 23:35:02;b;sell;233;;;;;;;;;;;;;;;;;;;;;;;;;;;;;;;;;;2;0.25;4284.234;4283.415;81.9;33;321;901;128.4;2026.09.23 23:34:00;62;219.6;2026.09.23 23:34:00;0.4;;;
ENTRY;2026.09.23 23:40:00;c;sell;234;0;4284.53;4284.53;4285.09;56;116;-67;186;-14;4283.71;4284.57;4283.7;4284.36;4284.57;4282.58;4285.87;4282.39;4287.64;4281.46;2459;1198;;;;;;;;;;;;;;;;;;;;;;;;;;;;;
BASKET_CLOSE;2026.09.23 23:41:33;b;buy;232;;;;;;;;;;;;;;;;;;;;;;;;;;;;;;;;;;3;0.48;4284.138;4285.463;132.5;101;411;1473;137.2;2026.09.23 23:41:00;33;174.8;2026.09.23 23:41:00;55.2;;;
NANPIN;2026.09.23 23:47:21;c;sell;234;1;4285.84;4285.84;4286.41;57;;;;;;;;;;;;;;;;;4284.53;2026.09.23 23:40:00;441;1.5;131;144;2026.09.23 23:47:00;4285.97;4283.97;13;2026.09.23 23:47:00;21;;;;;;;;;;;;;;;;;
BASKET_CLOSE;2026.09.23 23:50:42;c;buy;230;;;;;;;;;;;;;;;;;;;;;;;;;;;;;;;;;;3;0.48;4285.011;4286.38;136.9;104;1779;2622;138.9;2026.09.23 23:50:00;42;262.1;2026.09.23 23:50:00;58.9;;;
NANPIN;2026.09.23 23:54:22;c;sell;234;2;4288.06;4288.06;4288.62;56;;;;;;;;;;;;;;;;;4285.84;2026.09.23 23:47:21;421;1.533;222;337;2026.09.23 23:54:00;4289.21;4285.07;115;2026.09.23 23:54:21;1;;;;;;;;;;;;;;;;;
NANPIN;2026.09.24 01:02:01;c;sell;234;3;4290.1;4290.1;4290.64;54;;;;;;;;;;;;;;;;;4288.06;2026.09.23 23:54:22;4059;1.478;204;320;2026.09.24 01:02:00;4291.26;4286.2;116;2026.09.24 01:00:00;121;;;;;;;;;;;;;;;;;
ENTRY;2026.09.24 01:02:02;b;buy;235;0;4290.64;4290.1;4290.64;54;;;;;4290.12;4290.59;4290.05;4290.1;4291.05;4289.31;4291.05;4289.31;4291.05;4289.31;6302;4829;;;;;;;;;;;;;;;;;;;;;;;;;;;;;
ENTRY;2026.09.24 01:02:02;a;buy;236;0;4290.64;4290.3;4290.84;54;;;;;4290.12;4290.59;4290.05;4290.1;4291.05;4289.31;4291.05;4289.31;4291.05;4289.31;79022;65216;;;;;;;;;;;;;;;;;;;;;;;;;;;;;
BASKET_CLOSE;2026.09.24 01:03:05;a;buy;236;;;;;;;;;;;;;;;;;;;;;;;;;;;;;;;;;;1;0.1;4290.64;4291.25;61;10;63;63;133;2026.09.24 01:03:00;5;38;2026.09.24 01:03:00;11;;;
BASKET_CLOSE;2026.09.24 01:03:12;b;buy;235;;;;;;;;;;;;;;;;;;;;;;;;;;;;;;;;;;1;0.1;4290.64;4291.45;81;13;70;70;133;2026.09.24 01:03:00;12;38;2026.09.24 01:03:00;11;;;
NANPIN;2026.09.24 01:10:14;c;sell;234;4;4291.39;4291.39;4291.96;57;;;;;;;;;;;;;;;;;4290.1;2026.09.24 01:02:01;493;1.5;129;411;2026.09.24 01:08:00;4294.21;4290.26;282;2026.09.24 01:09:01;73;;;;;;;;;;;;;;;;;
BASKET_CLOSE;2026.09.24 01:12:30;c;sell;234;;;;;;;;;;;;;;;;;;;;;;;;;;;;;;;;;;5;1.33;4289.343;4288.942;40.1;132;136;5550;163.3;2026.09.24 01:12:00;30;373.7;2026.09.24 01:12:00;-33.7;;;
ENTRY;2026.09.24 01:15:01;c;sell;237;0;4288.01;4288.18;4288.74;56;97;-452;;;4287.84;4288.46;4286.77;4287.91;4292.51;4286.65;4294.21;4286.65;4294.21;4286.65;5701;151;;;;;;;;;;;;;;;;;;;;;;;;;;;;;
ENTRY;2026.09.24 01:15:02;a;sell;238;0;4288.1;4288.12;4288.66;54;91;-458;;;4287.84;4288.46;4286.77;4287.91;4292.51;4286.65;4294.21;4286.65;4294.21;4286.65;76440;76418;;;;;;;;;;;;;;;;;;;;;;;;;;;;;
BASKET_CLOSE;2026.09.24 01:16:37;a;sell;238;;;;;;;;;;;;;;;;;;;;;;;;;;;;;;;;;;1;0.1;4288.1;4287.37;73;12;95;95;84;2026.09.24 01:16:00;37;73;;;;;
BASKET_CLOSE;2026.09.24 01:16:38;c;sell;237;;;;;;;;;;;;;;;;;;;;;;;;;;;;;;;;;;1;0.1;4288.01;4287.37;64;10;97;97;73;2026.09.24 01:16:00;38;84;;;;;
ENTRY;2026.09.24 01:20:01;b;buy;239;0;4287.93;4287.37;4287.94;57;-25;-507;-299;;4287.57;4288.15;4286.97;4287.44;4288.29;4286.72;4294.21;4286.65;4294.21;4286.65;1079;1009;;;;;;;;;;;;;;;;;;;;;;;;;;;;;
BASKET_CLOSE;2026.09.24 01:21:14;b;buy;239;;;;;;;;;;;;;;;;;;;;;;;;;;;;;;;;;;1;0.1;4287.93;4288.7;77;12;73;73;113;2026.09.24 01:21:00;14;91;2026.09.24 01:21:00;-2;;;
ENTRY;2026.09.24 01:25:01;a;buy;240;0;4291.47;4290.73;4291.28;55;144;282;-266;;4290.45;4291.8;4290;4291.22;4292.37;4287.02;4292.51;4286.65;4294.21;4286.65;1379;1316;;;;;;;;;;;;;;;;;;;;;;;;;;;;;
ENTRY;2026.09.24 01:26:01;c;buy;241;0;4290.82;4290.34;4290.88;54;5;242;-339;;4291.22;4291.22;4289.2;4290.21;4292.37;4287.91;4292.37;4286.65;4294.21;4286.65;8341;5719;;;;;;;;;;;;;;;;;;;;;;;;;;;;;
ENTRY;2026.09.24 01:27:01;b;sell;242;0;4288.86;4288.87;4289.42;55;-235;191;-461;;4290.27;4291.13;4288.73;4288.73;4292.37;4288.18;4292.37;4286.65;4294.21;4286.65;7620;6719;;;;;;;;;;;;;;;;;;;;;;;;;;;;;
BASKET_CLOSE;2026.09.24 01:30:20;b;sell;242;;;;;;;;;;;;;;;;;;;;;;;;;;;;;;;;;;1;0.1;4288.86;4288.23;63;10;199;199;70;2026.09.24 01:30:00;20;186;;;;;
NANPIN;2026.09.24 01:32:02;a;buy;240;1;4289.06;4288.49;4289.06;57;;;;;;;;;;;;;;;;;4291.47;2026.09.24 01:25:01;421;1.5;241;356;2026.09.24 01:31:00;4291.22;4287.36;115;2026.09.24 01:32:01;1;;;;;;;;;;;;;;;;;
ENTRY;2026.09.24 01:33:01;b;buy;243;0;4289.33;4288.76;4289.31;55;102;-53;83;85;4287.46;4288.79;4287.4;4288.73;4289.73;4287.36;4292.37;4286.79;4294.21;4286.65;780;707;;;;;;;;;;;;;;;;;;;;;;;;;;;;;
NANPIN;2026.09.24 01:33:02;c;buy;241;1;4289.31;4288.32;4288.88;56;;;;;;;;;;;;;;;;;4290.82;2026.09.24 01:26:01;421;1.5;151;292;2026.09.24 01:31:00;4291.13;4287.36;141;2026.09.24 01:33:01;1;;;;;;;;;;;;;;;;;
ENTRY;2026.09.24 01:35:01;c;sell;244;0;4288.78;4288.78;4289.31;53;5;-244;86;87;4288.81;4289.18;4288.31;4288.68;4289.18;4287.36;4292.37;4287.02;4294.21;4286.65;1200;1103;;;;;;;;;;;;;;;;;;;;;;;;;;;;;
BASKET_CLOSE;2026.09.24 01:36:08;b;buy;243;;;;;;;;;;;;;;;;;;;;;;;;;;;;;;;;;;1;0.1;4289.33;4290.55;122;19;187;187;124;2026.09.24 01:36:00;8;126;2026.09.24 01:36:00;-57;;;
ENTRY;2026.09.24 01:37:36;a;buy;245;0;4291.29;4290.74;4291.29;55;206;201;312;283;4289.24;4290.57;4288.76;4289.84;4290.57;4287.4;4292.37;4287.36;4294.21;4286.65;755;2071;;;;;;;;;;;;;;;;;;;;;;;;;;;;;
BASKET_CLOSE;2026.09.24 01:37:38;a;buy;240;;;;;;;;;;;;;;;;;;;;;;;;;;;;;;;;;;2;0.25;4290.024;4290.79;76.6;30;336;757;119.6;2026.09.24 01:37:00;38;262.4;2026.09.24 01:37:00;-21.4;;;
BASKET_CLOSE;2026.09.24 01:37:49;c;buy;241;;;;;;;;;;;;;;;;;;;;;;;;;;;;;;;;;;2;0.25;4289.914;4290.7;78.6;31;287;708;130.6;2026.09.24 01:37:00;49;184.4;2026.09.24 01:37:00;-10.4;;;
ENTRY;2026.09.24 01:40:01;b;sell;246;0;4289.45;4289.42;4289.97;55;-128;112;152;151;4288.11;4290.04;4287.95;4289.47;4291.22;4287.92;4291.22;4287.36;4294.21;4286.65;780;581;;;;;;;;;;;;;;;;;;;;;;;;;;;;;
ENTRY;2026.09.24 01:41:01;c;buy;247;0;4290.18;4289.61;4290.17;56;149;187;135;170;4289.45;4289.82;4288.9;4289.68;4291.22;4287.92;4291.22;4287.36;4294.21;4286.65;900;192;;;;;;;;;;;;;;;;;;;;;;;;;;;;;
NANPIN;2026.09.24 01:42:03;c;sell;244;1;4290;4290.03;4290.58;55;;;;;;;;;;;;;;;;;4288.78;2026.09.24 01:35:01;422;1.5;122;244;2026.09.24 01:37:00;4291.22;4287.92;122;2026.09.24 01:42:01;2;;;;;;;;;;;;;;;;;
BASKET_CLOSE;2026.09.24 01:43:34;b;sell;246;;;;;;;;;;;;;;;;;;;;;;;;;;;;;;;;;;1;0.1;4289.45;4288.75;70;11;213;213;69;2026.09.24 01:43:00;34;155;;;;;
NANPIN;2026.09.24 01:44:38;a;buy;245;1;4289.62;4289.08;4289.62;54;;;;;;;;;;;;;;;;;4291.29;2026.09.24 01:37:36;422;1.5;167;282;2026.09.24 01:38:00;4291.22;4287.92;115;2026.09.24 01:44:36;2;;;;;;;;;;;;;;;;;
ENTRY;2026.09.24 01:47:01;b;buy;248;0;4290.52;4289.9;4290.46;56;79;6;79;160;4288.69;4290.09;4288;4289.89;4290.45;4288;4291.22;4287.4;4294.21;4286.65;840;653;;;;;;;;;;;;;;;;;;;;;;;;;;;;;
BASKET_CLOSE;2026.09.24 01:48:27;c;buy;247;;;;;;;;;;;;;;;;;;;;;;;;;;;;;;;;;;1;0.1;4290.18;4290.89;71;11;446;446;91;2026.09.24 01:48:00;27;218;;;;;
ENTRY;2026.09.24 01:49:02;c;buy;249;0;4291.53;4291.08;4291.64;56;119;296;278;278;4290.44;4291.09;4290.34;4290.98;4291.09;4288;4291.22;4287.92;4294.21;4286.65;481;35;;;;;;;;;;;;;;;;;;;;;;;;;;;;;
ENTRY;2026.09.24 01:51:00;b;sell;250;0;4288.2;4288.2;4288.75;55;-278;-148;72;-10;4289.78;4289.79;4287.94;4288.15;4291.1;4287.94;4291.22;4287.92;4294.21;4286.65;659;446;;;;;;;;;;;;;;;;;;;;;;;;;;;;;
BASKET_CLOSE;2026.09.24 01:51:10;c;sell;244;;;;;;;;;;;;;;;;;;;;;;;;;;;;;;;;;;2;0.25;4289.512;4289.06;45.2;18;547;969;102.2;2026.09.24 01:50:00;70;213.8;2026.09.24 01:50:00;-82.8;;;
ENTRY;2026.09.24 01:51:11;c;sell;251;0;4288.49;4288.53;4289.09;56;-245;-115;105;23;4289.78;4289.79;4287.94;4288.15;4291.1;4287.94;4291.22;4287.92;4294.21;4286.65;970;2073;;;;;;;;;;;;;;;;;;;;;;;;;;;;;
NANPIN;2026.09.24 01:52:56;a;buy;245;2;4288.41;4287.85;4288.41;56;;;;;;;;;;;;;;;;;4289.62;2026.09.24 01:44:38;498;1.533;121;159;2026.09.24 01:52:00;4291.1;4287.49;38;2026.09.24 01:51:38;78;;;;;;;;;;;;;;;;;
NANPIN;2026.09.24 01:54:25;b;buy;248;1;4289;4288.45;4289;55;;;;;;;;;;;;;;;;;4290.52;2026.09.24 01:47:01;444;1.5;152;247;2026.09.24 01:52:00;4291.1;4287.49;95;2026.09.24 01:54:01;24;;;;;;;;;;;;;;;;;
ENTRY;2026.09.24 01:55:01;a;sell;252;0;4287.97;4287.4;4287.94;54;-20;-171;-185;-90;4289.36;4289.76;4287.85;4288.11;4289.79;4287.49;4291.1;4287.49;4294.21;4286.65;2399;2304;;;;;;;;;;;;;;;;;;;;;;;;;;;;;
BASKET_CLOSE;2026.09.24 01:55:48;a;buy;245;;;;;;;;;;;;;;;;;;;;;;;;;;;;;;;;;;3;0.48;4289.388;4290.8;141.2;107;172;1092;147.2;2026.09.24 01:55:00;48;198.8;2026.09.24 01:55:00;-198.8;;;
BASKET_CLOSE;2026.09.24 01:56:03;b;buy;248;;;;;;;;;;;;;;;;;;;;;;;;;;;;;;;;;;2;0.25;4289.608;4290.315;70.7;27;98;542;148.2;2026.09.24 01:56:00;3;220.8;2026.09.24 01:55:00;-220.8;;;
NANPIN;2026.09.24 01:57:04;c;buy;249;1;4290.36;4289.82;4290.38;56;;;;;;;;;;;;;;;;;4291.53;2026.09.24 01:49:02;482;1.5;117;357;2026.09.24 01:55:00;4291.1;4287.4;240;2026.09.24 01:57:00;4;;;;;;;;;;;;;;;;;
NANPIN;2026.09.24 01:58:24;b;sell;250;1;4289.4;4289.29;4289.84;55;;;;;;;;;;;;;;;;;4288.2;2026.09.24 01:51:00;444;1.5;120;289;2026.09.24 01:56:00;4291.09;4287.4;169;2026.09.24 01:58:00;24;;;;;;;;;;;;;;;;;
NANPIN;2026.09.24 01:58:54;c;sell;251;1;4289.72;4289.83;4290.38;55;;;;;;;;;;;;;;;;;4288.49;2026.09.24 01:51:11;463;1.5;123;260;2026.09.24 01:56:00;4291.09;4287.4;137;2026.09.24 01:58:11;43;;;;;;;;;;;;;;;;;
ENTRY;2026.09.24 02:00:01;a;buy;253;0;4289.87;4289.22;4289.77;55;15;-53;-46;11;4289.53;4289.67;4289.35;4289.35;4291.09;4287.4;4291.1;4287.4;4294.21;4286.65;1345;253;;;;;;;;;;;;;;;;;;;;;;;;;;;;;
ENTRY;2026.09.24 02:02:01;b;buy;254;0;4289.93;4289.35;4289.91;56;0;90;44;24;4289.89;4289.89;4289.31;4289.32;4290.49;4288.73;4291.1;4287.4;4294.21;4286.65;900;358;;;;;;;;;;;;;;;;;;;;;;;;;;;;;
NANPIN;2026.09.24 02:02:02;a;sell;252;1;4289.35;4289.35;4289.9;55;;;;;;;;;;;;;;;;;4287.97;2026.09.24 01:55:01;421;1.5;138;312;2026.09.24 01:56:00;4291.09;4287.4;174;2026.09.24 02:02:01;1;;;;;;;;;;;;;;;;;
BASKET_CLOSE;2026.09.24 02:05:06;a;buy;253;;;;;;;;;;;;;;;;;;;;;;;;;;;;;;;;;;1;0.1;4289.87;4290.77;90;14;305;305;136;2026.09.24 02:05:00;6;114;2026.09.24 02:05:00;35;;;
BASKET_CLOSE;2026.09.24 02:05:07;b;buy;254;;;;;;;;;;;;;;;;;;;;;;;;;;;;;;;;;;1;0.1;4289.93;4290.75;82;13;186;186;130;2026.09.24 02:05:00;7;96;2026.09.24 02:05:00;29;;;
NANPIN;2026.09.24 02:05:25;b;sell;250;2;4290.83;4290.83;4291.37;54;;;;;;;;;;;;;;;;;4289.4;2026.09.24 01:58:24;421;1.533;143;183;2026.09.24 02:05:00;4291.23;4288.73;40;2026.09.24 02:05:24;1;;;;;;;;;;;;;;;;;
NANPIN;2026.09.24 02:06:14;c;sell;251;2;4290.93;4290.93;4291.49;56;;;;;;;;;;;;;;;;;4289.72;2026.09.24 01:58:54;440;1.533;121;151;2026.09.24 02:05:00;4291.23;4288.73;30;2026.09.24 02:05:54;20;;;;;;;;;;;;;;;;;
NANPIN;2026.09.24 02:09:06;a;sell;252;2;4290.71;4290.71;4291.27;56;;;;;;;;;;;;;;;;;4289.35;2026.09.24 02:02:02;424;1.533;136;188;2026.09.24 02:05:00;4291.23;4288.97;52;2026.09.24 02:09:02;4;;;;;;;;;;;;;;;;;
ENTRY;2026.09.24 02:15:02;a;buy;255;0;4291.7;4291.13;4291.69;56;36;91;60;178;4290.78;4291.16;4290.7;4291.15;4291.33;4290.39;4291.33;4288.73;4292.37;4286.72;901;596;;;;;;;;;;;;;;;;;;;;;;;;;;;;;
NANPIN;2026.09.24 02:15:24;b;sell;250;3;4292.24;4292.12;4292.66;54;;;;;;;;;;;;;;;;;4290.83;2026.09.24 02:05:25;599;1.478;141;217;2026.09.24 02:15:00;4293;4290.02;76;2026.09.24 02:15:00;24;;;;;;;;;;;;;;;;;
BASKET_CLOSE;2026.09.24 02:15:25;c;buy;249;;;;;;;;;;;;;;;;;;;;;;;;;;;;;;;;;;2;0.25;4290.828;4292.12;129.2;51;1101;1583;217.2;2026.09.24 02:15:00;25;209.8;2026.09.24 02:15:00;17.2;;;
BASKET_CLOSE;2026.09.24 02:15:28;a;buy;255;;;;;;;;;;;;;;;;;;;;;;;;;;;;;;;;;;1;0.1;4291.7;4292.53;83;13;26;26;130;2026.09.24 02:15:00;28;70;2026.09.24 02:15:00;-70;;;
NANPIN;2026.09.24 02:15:29;c;sell;251;3;4292.53;4292.88;4293.42;54;;;;;;;;;;;;;;;;;4290.93;2026.09.24 02:06:14;555;1.478;160;207;2026.09.24 02:15:00;4293;4290.02;47;2026.09.24 02:15:00;29;;;;;;;;;;;;;;;;;
NANPIN;2026.09.24 02:16:35;a;sell;252;3;4291.95;4291.98;4292.53;55;;;;;;;;;;;;;;;;;4290.71;2026.09.24 02:09:06;449;1.478;124;229;2026.09.24 02:15:00;4293;4290.22;105;2026.09.24 02:16:06;29;;;;;;;;;;;;;;;;;
BASKET_CLOSE;2026.09.24 02:19:35;b;sell;250;;;;;;;;;;;;;;;;;;;;;;;;;;;;;;;;;;4;0.82;4290.832;4289.51;132.2;173;251;1715;158.2;2026.09.24 02:19:00;35;270.8;2026.09.24 02:19:00;19.2;;;
BASKET_CLOSE;2026.09.24 02:19:37;c;sell;251;;;;;;;;;;;;;;;;;;;;;;;;;;;;;;;;;;4;0.82;4291.075;4289.51;156.5;201;248;1706;182.5;2026.09.24 02:19:00;37;246.5;2026.09.24 02:19:00;43.5;;;
BASKET_CLOSE;2026.09.24 02:19:43;a;sell;252;;;;;;;;;;;;;;;;;;;;;;;;;;;;;;;;;;4;0.82;4290.641;4289.275;136.6;177;188;1482;138.1;2026.09.24 02:19:00;43;247.9;2026.09.24 02:19:00;-0.9;;;
ENTRY;2026.09.24 02:23:01;c;sell;256;0;4289.67;4289.66;4290.19;53;-95;-111;6;31;4289.08;4289.82;4288.52;4289.59;4290.91;4288.52;4293;4288.52;4293;4287.36;1910;204;;;;;;;;;;;;;;;;;;;;;;;;;;;;;
BASKET_CLOSE;2026.09.24 02:26:24;c;sell;256;;;;;;;;;;;;;;;;;;;;;;;;;;;;;;;;;;1;0.1;4289.67;4288.66;101;16;203;203;116;2026.09.24 02:26:00;24;98;2026.09.24 02:26:00;-25;;;
ENTRY;2026.09.24 02:30:02;a;sell;257;0;4287.97;4287.99;4288.52;53;-73;-179;-267;-316;4288.69;4288.69;4287.72;4287.91;4289.64;4287.72;4293;4287.72;4293;4287.36;2101;619;;;;;;;;;;;;;;;;;;;;;;;;;;;;;
BASKET_CLOSE;2026.09.24 02:31:38;a;sell;257;;;;;;;;;;;;;;;;;;;;;;;;;;;;;;;;;;1;0.1;4287.97;4286.86;111;18;96;96;127;2026.09.24 02:31:00;38;111;2026.09.24 02:31:00;-93;;;
ENTRY;2026.09.24 02:38:01;b;buy;258;0;4287.14;4286.59;4287.14;55;113;-213;-345;-456;4286.2;4286.91;4285.64;4286.76;4286.91;4285.32;4290.12;4285.32;4293;4285.32;2160;1974;;;;;;;;;;;;;;;;;;;;;;;;;;;;;
ENTRY;2026.09.24 02:41:04;b;sell;259;0;4286.38;4286.38;4286.93;55;-64;-200;-269;-477;4286.32;4286.95;4286.19;4286.55;4287.29;4285.45;4289.39;4285.32;4293;4285.32;3004;1289;;;;;;;;;;;;;;;;;;;;;;;;;;;;;
BASKET_CLOSE;2026.09.24 02:41:54;b;sell;259;;;;;;;;;;;;;;;;;;;;;;;;;;;;;;;;;;1;0.1;4286.38;4285.72;66;10;50;50;68;2026.09.24 02:41:00;54;73;;;;;
ENTRY;2026.09.24 02:45:00;a;sell;260;0;4285.14;4285.12;4285.68;56;-26;-52;-398;-279;4285.11;4285.22;4284.88;4285.02;4286.95;4284.79;4288.55;4284.79;4293;4284.79;898;802;;;;;;;;;;;;;;;;;;;;;;;;;;;;;
NANPIN;2026.09.24 02:45:02;b;buy;258;1;4285.92;4285.35;4285.91;56;;;;;;;;;;;;;;;;;4287.14;2026.09.24 02:38:01;421;1.5;122;180;2026.09.24 02:43:00;4287.29;4284.79;58;2026.09.24 02:45:01;1;;;;;;;;;;;;;;;;;
BASKET_CLOSE;2026.09.24 02:47:29;b;buy;258;;;;;;;;;;;;;;;;;;;;;;;;;;;;;;;;;;2;0.25;4286.408;4288.075;166.7;66;147;568;224.2;2026.09.24 02:47:00;29;141.8;2026.09.24 02:47:00;46.2;;;
ENTRY;2026.09.24 02:50:05;a;buy;261;0;4290.04;4289.5;4290.04;54;117;330;112;159;4288.66;4289.66;4288.66;4289.48;4289.66;4284.99;4289.66;4284.79;4293;4284.79;2103;2077;;;;;;;;;;;;;;;;;;;;;;;;;;;;;
NANPIN;2026.09.24 02:52:01;a;sell;260;1;4291.11;4291.11;4291.65;54;;;;;;;;;;;;;;;;;4285.14;2026.09.24 02:45:00;421;1.5;597;629;2026.09.24 02:52:00;4291.43;4284.99;32;2026.09.24 02:52:00;1;;;;;;;;;;;;;;;;;
BASKET_CLOSE;2026.09.24 02:52:03;a;buy;261;;;;;;;;;;;;;;;;;;;;;;;;;;;;;;;;;;1;0.1;4290.04;4290.88;84;13;118;118;139;2026.09.24 02:52:00;3;142;2026.09.24 02:52:00;12;;;
ENTRY;2026.09.24 02:56:01;b;sell;262;0;4290.11;4290.2;4290.75;55;-13;366;401;229;4290.42;4290.55;4289.6;4290.09;4291.43;4288.9;4291.43;4284.79;4293;4284.79;897;847;;;;;;;;;;;;;;;;;;;;;;;;;;;;;
ENTRY;2026.09.24 02:58:00;b;buy;263;0;4290.79;4290.25;4290.79;54;16;192;323;234;4290.62;4290.87;4290.06;4290.17;4291.27;4289.6;4291.43;4284.79;4293;4284.79;1199;631;;;;;;;;;;;;;;;;;;;;;;;;;;;;;
BASKET_CLOSE;2026.09.24 02:58:50;b;sell;262;;;;;;;;;;;;;;;;;;;;;;;;;;;;;;;;;;1;0.1;4290.11;4289.31;80;13;169;169;82;2026.09.24 02:58:00;50;171;;;;;
ENTRY;2026.09.24 03:00:01;a;buy;264;0;4289.22;4288.66;4289.21;55;-151;-82;211;364;4288.86;4290.15;4288.23;4288.31;4291.27;4288.23;4291.43;4284.99;4293;4284.79;596;478;;;;;;;;;;;;;;;;;;;;;;;;;;;;;
BASKET_CLOSE;2026.09.24 03:00:20;a;buy;264;;;;;;;;;;;;;;;;;;;;;;;;;;;;;;;;;;1;0.1;4289.22;4289.98;76;12;19;19;89;2026.09.24 03:00:00;20;88;;;;;
ENTRY;2026.09.24 03:04:01;c;sell;265;0;4290;4290.08;4290.62;54;29;-25;506;506;4288.69;4290.74;4288.62;4290;4291.45;4287.83;4291.45;4287.83;4293;4284.79;2460;2257;;;;;;;;;;;;;;;;;;;;;;;;;;;;;
BASKET_CLOSE;2026.09.24 03:04:14;c;sell;265;;;;;;;;;;;;;;;;;;;;;;;;;;;;;;;;;;1;0.1;4290;4289.33;67;11;13;13;82;2026.09.24 03:04:00;14;153;;;;;
NANPIN;2026.09.24 03:05:54;b;buy;263;1;4289.51;4288.96;4289.51;55;;;;;;;;;;;;;;;;;4290.79;2026.09.24 02:58:00;474;1.5;128;242;2026.09.24 03:02:00;4291.45;4287.83;114;2026.09.24 03:05:00;54;;;;;;;;;;;;;;;;;
ENTRY;2026.09.24 03:06:01;b;sell;266;0;4288.82;4288.83;4289.38;55;-117;-126;201;381;4289.79;4290.84;4288.63;4288.77;4291.45;4287.83;4291.45;4287.83;4293;4284.79;600;431;;;;;;;;;;;;;;;;;;;;;;;;;;;;;
BASKET_CLOSE;2026.09.24 03:07:09;b;buy;263;;;;;;;;;;;;;;;;;;;;;;;;;;;;;;;;;;2;0.25;4290.022;4290.63;60.8;24;75;549;136.8;2026.09.24 03:07:00;9;139.2;2026.09.24 03:07:00;-27.2;;;
ENTRY;2026.09.24 03:07:09;b;buy;267;0;4291.17;4290.58;4291.11;53;66;-3;225;556;4288.79;4291.01;4288.79;4290.7;4291.01;4287.83;4291.45;4287.83;4293;4284.79;549;1180;;;;;;;;;;;;;;;;;;;;;;;;;;;;;
ENTRY;2026.09.24 03:10:01;c;buy;268;0;4291.96;4291.35;4291.9;55;132;304;185;633;4289.91;4291.42;4289.9;4291.37;4291.42;4288.63;4291.45;4287.83;4293;4284.79;4859;3276;;;;;;;;;;;;;;;;;;;;;;;;;;;;;
BASKET_CLOSE;2026.09.24 03:11:48;b;sell;266;;;;;;;;;;;;;;;;;;;;;;;;;;;;;;;;;;1;0.1;4288.82;4288.15;67;11;347;347;93;2026.09.24 03:11:00;48;346;;;;;
BASKET_CLOSE;2026.09.24 03:12:23;a;sell;260;;;;;;;;;;;;;;;;;;;;;;;;;;;;;;;;;;2;0.25;4288.722;4288.28;44.2;17;1222;1643;102.2;2026.09.24 03:12:00;23;354.8;2026.09.24 03:12:00;-104.8;;;
NANPIN;2026.09.24 03:14:09;b;buy;267;1;4289.75;4289.07;4289.61;54;;;;;;;;;;;;;;;;;4291.17;2026.09.24 03:07:09;420;1.5;142;348;2026.09.24 03:12:00;4291.73;4287.16;206;2026.09.24 03:14:09;0;;;;;;;;;;;;;;;;;
ENTRY;2026.09.24 03:15:02;a;buy;269;0;4289.6;4289.03;4289.58;55;90;-89;-106;72;4289.23;4289.41;4288.41;4288.93;4291.73;4287.16;4291.73;4287.16;4293;4284.79;901;882;;;;;;;;;;;;;;;;;;;;;;;;;;;;;
ENTRY;2026.09.24 03:15:02;c;sell;270;0;4288.92;4289.03;4289.58;55;90;-89;-106;72;4289.23;4289.41;4288.41;4288.93;4291.73;4287.16;4291.73;4287.16;4293;4284.79;661;648;;;;;;;;;;;;;;;;;;;;;;;;;;;;;
BASKET_CLOSE;2026.09.24 03:15:29;a;buy;269;;;;;;;;;;;;;;;;;;;;;;;;;;;;;;;;;;1;0.1;4289.6;4290.26;66;10;27;27;195;2026.09.24 03:15:00;29;183;2026.09.24 03:15:00;-183;;;
ENTRY;2026.09.24 03:15:42;b;buy;271;0;4291.59;4290.92;4291.48;56;279;100;83;261;4289.23;4289.41;4288.41;4288.93;4291.73;4287.16;4291.73;4287.16;4293;4284.79;513;513;;;;;;;;;;;;;;;;;;;;;;;;;;;;;
BASKET_CLOSE;2026.09.24 03:15:43;b;buy;267;;;;;;;;;;;;;;;;;;;;;;;;;;;;;;;;;;2;0.25;4290.318;4290.955;63.7;25;94;514;123.2;2026.09.24 03:15:00;43;254.8;2026.09.24 03:15:00;-254.8;;;
BASKET_CLOSE;2026.09.24 03:16:11;c;sell;270;;;;;;;;;;;;;;;;;;;;;;;;;;;;;;;;;;1;0.1;4288.92;4287.8;112;18;69;69;137;2026.09.24 03:16:00;11;318;2026.09.24 03:16:00;-53;;;
ENTRY;2026.09.24 03:17:00;b;sell;272;0;4288.46;4288.36;4288.92;56;-57;-234;-181;5;4288.62;4288.9;4287;4288.63;4291.55;4287;4291.73;4287;4291.83;4284.79;659;312;;;;;;;;;;;;;;;;;;;;;;;;;;;;;
NANPIN;2026.09.24 03:17:01;c;buy;268;1;4288.81;4288.25;4288.81;56;;;;;;;;;;;;;;;;;4291.96;2026.09.24 03:10:01;420;1.5;315;441;2026.09.24 03:16:00;4291.73;4287;126;2026.09.24 03:17:01;0;;;;;;;;;;;;;;;;;
BASKET_CLOSE;2026.09.24 03:17:15;b;sell;272;;;;;;;;;;;;;;;;;;;;;;;;;;;;;;;;;;1;0.1;4288.46;4287.86;60;9;15;15;73;2026.09.24 03:17:00;15;78;;;;;
NANPIN;2026.09.24 03:22:43;b;buy;271;1;4286.46;4285.9;4286.46;56;;;;;;;;;;;;;;;;;4291.59;2026.09.24 03:15:42;421;1.5;513;719;2026.09.24 03:22:00;4291.55;4283.84;206;2026.09.24 03:22:42;1;;;;;;;;;;;;;;;;;
NANPIN;2026.09.24 03:24:02;c;buy;268;2;4286.94;4286.39;4286.94;55;;;;;;;;;;;;;;;;;4288.81;2026.09.24 03:17:01;421;1.533;187;441;2026.09.24 03:22:00;4289.2;4283.84;254;2026.09.24 03:24:01;1;;;;;;;;;;;;;;;;;
ENTRY;2026.09.24 03:25:01;a;sell;273;0;4287.74;4287.65;4288.21;56;354;-128;-112;-66;4286.47;4289.2;4286.34;4287.72;4289.2;4283.84;4291.73;4283.84;4291.73;4283.84;2401;758;;;;;;;;;;;;;;;;;;;;;;;;;;;;;
BASKET_CLOSE;2026.09.24 03:26:23;b;buy;271;;;;;;;;;;;;;;;;;;;;;;;;;;;;;;;;;;2;0.25;4288.512;4289.955;144.3;57;220;641;163.8;2026.09.24 03:26:00;23;467.2;2026.09.24 03:26:00;-82.2;;;
BASKET_CLOSE;2026.09.24 03:26:26;c;buy;268;;;;;;;;;;;;;;;;;;;;;;;;;;;;;;;;;;3;0.48;4288.57;4289.937;136.6;104;144;985;158;2026.09.24 03:26:00;26;223;2026.09.24 03:26:00;-88;;;
BASKET_CLOSE;2026.09.24 03:27:56;a;sell;273;;;;;;;;;;;;;;;;;;;;;;;;;;;;;;;;;;1;0.1;4287.74;4286.85;89;14;175;175;101;2026.09.24 03:27:00;56;297;2026.09.24 03:27:00;-126;;;
ENTRY;2026.09.24 03:30:02;b;buy;274;0;4292.38;4291.12;4291.65;53;478;231;186;219;4288.1;4292.35;4287.96;4292.06;4292.35;4285.95;4292.35;4283.84;4292.35;4283.84;860;219;;;;;;;;;;;;;;;;;;;;;;;;;;;;;
ENTRY;2026.09.24 03:30:03;a;buy;275;0;4292.31;4291.5;4292.04;54;516;269;224;257;4288.1;4292.35;4287.96;4292.06;4292.35;4285.95;4292.35;4283.84;4292.35;4283.84;901;874;;;;;;;;;;;;;;;;;;;;;;;;;;;;;
BASKET_CLOSE;2026.09.24 03:31:05;b;buy;274;;;;;;;;;;;;;;;;;;;;;;;;;;;;;;;;;;1;0.1;4292.38;4293.44;106;17;63;63;199;2026.09.24 03:31:00;5;216;2026.09.24 03:31:00;-32;;;
BASKET_CLOSE;2026.09.24 03:31:06;a;buy;275;;;;;;;;;;;;;;;;;;;;;;;;;;;;;;;;;;1;0.1;4292.31;4293.24;93;15;63;63;206;2026.09.24 03:31:00;6;209;2026.09.24 03:31:00;-25;;;
ENTRY;2026.09.24 03:32:00;c;buy;276;0;4293.12;4292.59;4293.14;55;53;631;446;366;4292.06;4294.37;4292.06;4292.79;4294.37;4285.95;4294.37;4283.84;4294.37;4283.84;1319;334;;;;;;;;;;;;;;;;;;;;;;;;;;;;;
ENTRY;2026.09.24 03:34:00;b;sell;277;0;4291.44;4291.44;4291.99;55;-135;503;251;251;4292.01;4292.24;4291.27;4291.54;4294.37;4287.96;4294.37;4283.84;4294.37;4283.84;1020;1005;;;;;;;;;;;;;;;;;;;;;;;;;;;;;
NANPIN;2026.09.24 03:40:05;c;buy;276;1;4292.04;4292.09;4292.63;54;;;;;;;;;;;;;;;;;4293.12;2026.09.24 03:32:00;485;1.5;108;157;2026.09.24 03:34:00;4293.4;4291;49;2026.09.24 03:39:00;65;;;;;;;;;;;;;;;;;
NANPIN;2026.09.24 03:41:02;b;sell;277;1;4292.84;4292.84;4293.39;55;;;;;;;;;;;;;;;;;4291.44;2026.09.24 03:34:00;422;1.5;140;295;2026.09.24 03:41:00;4294.39;4291;155;2026.09.24 03:41:00;2;;;;;;;;;;;;;;;;;
BASKET_CLOSE;2026.09.24 03:41:09;c;buy;276;;;;;;;;;;;;;;;;;;;;;;;;;;;;;;;;;;2;0.25;4292.472;4293.805;133.3;53;64;549;191.8;2026.09.24 03:41:00;9;125.2;2026.09.24 03:41:00;32.8;;;
ENTRY;2026.09.24 03:45:01;a;buy;278;0;4294.97;4294.41;4294.97;56;81;264;573;235;4294.62;4294.78;4293.61;4294.51;4294.78;4291.22;4294.78;4290.22;4294.78;4283.84;898;835;;;;;;;;;;;;;;;;;;;;;;;;;;;;;
NANPIN;2026.09.24 03:50:15;b;sell;277;2;4294;4294.03;4294.57;54;;;;;;;;;;;;;;;;;4292.84;2026.09.24 03:41:02;553;1.533;116;227;2026.09.24 03:46:00;4295.11;4291.29;111;2026.09.24 03:50:00;15;;;;;;;;;;;;;;;;;
ENTRY;2026.09.24 03:52:01;b;buy;279;0;4294.54;4294.32;4294.86;54;176;143;242;226;4292.3;4295.16;4292.06;4294.05;4295.16;4291.29;4295.16;4291.22;4295.16;4283.84;1319;1256;;;;;;;;;;;;;;;;;;;;;;;;;;;;;
NANPIN;2026.09.24 03:52:20;a;buy;278;1;4293.66;4293.07;4293.62;55;;;;;;;;;;;;;;;;;4294.97;2026.09.24 03:45:01;439;1.5;131;312;2026.09.24 03:48:00;4295.16;4291.29;181;2026.09.24 03:52:01;19;;;;;;;;;;;;;;;;;
BASKET_CLOSE;2026.09.24 03:54:06;b;buy;279;;;;;;;;;;;;;;;;;;;;;;;;;;;;;;;;;;1;0.1;4294.54;4295.24;70;11;125;125;99;2026.09.24 03:54:00;6;226;;;;;
BASKET_CLOSE;2026.09.24 03:54:33;a;buy;278;;;;;;;;;;;;;;;;;;;;;;;;;;;;;;;;;;2;0.25;4294.184;4294.91;72.6;29;133;572;134.6;2026.09.24 03:54:00;33;190.4;2026.09.24 03:54:00;-7.4;;;
ENTRY;2026.09.24 03:57:00;c;buy;280;0;4297.53;4296.98;4297.53;55;175;381;438;492;4296.93;4297.29;4295.88;4296.96;4297.29;4292.28;4297.29;4291.29;4297.29;4283.84;1500;951;;;;;;;;;;;;;;;;;;;;;;;;;;;;;
BASKET_CLOSE;2026.09.24 03:57:08;c;buy;280;;;;;;;;;;;;;;;;;;;;;;;;;;;;;;;;;;1;0.1;4297.53;4298.61;108;17;8;8;154;2026.09.24 03:57:00;8;56;2026.09.24 03:57:00;-56;;;
ENTRY;2026.09.24 04:00:08;a;buy;281;0;4298.2;4296.56;4297.12;56;-131;400;343;205;4298.31;4298.53;4297.44;4298.3;4299.07;4294.84;4299.07;4291.29;4299.07;4283.84;907;335;;;;;;;;;;;;;;;;;;;;;;;;;;;;;
NANPIN;2026.09.24 04:00:09;b;sell;277;3;4296.68;4296.99;4297.55;56;;;;;;;;;;;;;;;;;4294;2026.09.24 03:50:15;594;1.478;268;507;2026.09.24 03:57:00;4299.07;4292.04;239;2026.09.24 03:57:15;174;;;;;;;;;;;;;;;;;
BASKET_CLOSE;2026.09.24 04:01:11;a;buy;281;;;;;;;;;;;;;;;;;;;;;;;;;;;;;;;;;;1;0.1;4298.2;4298.72;52;8;63;63;71;2026.09.24 04:01:00;11;269;;;;;
BASKET_CLOSE;2026.09.24 04:03:29;b;sell;277;;;;;;;;;;;;;;;;;;;;;;;;;;;;;;;;;;4;0.82;4294.587;4292.812;177.4;237;200;1769;280.7;2026.09.24 04:03:00;29;488.3;2026.09.24 04:03:00;-50.3;;;
ENTRY;2026.09.24 04:05:11;a;sell;282;0;4290.92;4290.92;4291.47;55;-292;-431;-287;-359;4291.5;4293.44;4290.02;4292.06;4298.91;4290.02;4299.07;4290.02;4299.07;4283.84;2410;2235;;;;;;;;;;;;;;;;;;;;;;;;;;;;;
BASKET_CLOSE;2026.09.24 04:05:24;a;sell;282;;;;;;;;;;;;;;;;;;;;;;;;;;;;;;;;;;1;0.1;4290.92;4290.13;79;12;13;13;78;2026.09.24 04:05:00;24;185;;;;;
ENTRY;2026.09.24 04:07:02;b;buy;283;0;4295.74;4294.94;4295.49;55;288;-202;321;43;4290.04;4295.1;4290.02;4295.1;4296.93;4289.59;4299.07;4289.59;4299.07;4283.84;901;776;;;;;;;;;;;;;;;;;;;;;;;;;;;;;
BASKET_CLOSE;2026.09.24 04:07:33;b;buy;283;;;;;;;;;;;;;;;;;;;;;;;;;;;;;;;;;;1;0.1;4295.74;4296.39;65;10;31;31;129;2026.09.24 04:07:00;33;82;2026.09.24 04:07:00;-82;;;
ENTRY;2026.09.24 04:14:00;c;buy;284;0;4301.72;4301.17;4301.72;55;401;970;594;666;4300.18;4301.31;4300.18;4301.11;4301.61;4294.78;4301.61;4289.59;4301.61;4283.84;1020;1012;;;;;;;;;;;;;;;;;;;;;;;;;;;;;
BASKET_CLOSE;2026.09.24 04:14:54;c;buy;284;;;;;;;;;;;;;;;;;;;;;;;;;;;;;;;;;;1;0.1;4301.72;4302.45;73;12;54;54;102;2026.09.24 04:14:00;54;78;2026.09.24 04:14:00;-78;;;
ENTRY;2026.09.24 04:17:01;b;sell;285;0;4300.23;4299.61;4300.17;56;-308;451;174;131;4301.1;4301.68;4300.29;4300.29;4303.03;4296.77;4303.03;4289.59;4303.03;4283.84;2581;812;;;;;;;;;;;;;;;;;;;;;;;;;;;;;
ENTRY;2026.09.24 04:17:03;a;buy;286;0;4300.17;4299.39;4299.95;56;-330;429;152;109;4301.1;4301.68;4300.29;4300.29;4303.03;4296.77;4303.03;4289.59;4303.03;4283.84;1015;952;;;;;;;;;;;;;;;;;;;;;;;;;;;;;
BASKET_CLOSE;2026.09.24 04:17:12;b;sell;285;;;;;;;;;;;;;;;;;;;;;;;;;;;;;;;;;;1;0.1;4300.23;4299.45;78;12;11;11;219;2026.09.24 04:17:00;12;66;2026.09.24 04:17:00;-66;;;
NANPIN;2026.09.24 04:24:04;a;buy;286;1;4297.35;4297.03;4297.58;55;;;;;;;;;;;;;;;;;4300.17;2026.09.24 04:17:03;421;1.5;282;437;2026.09.24 04:24:00;4300.33;4295.24;155;2026.09.24 04:24:03;1;;;;;;;;;;;;;;;;;
ENTRY;2026.09.24 04:25:00;c;sell;287;0;4297.33;4297.33;4297.89;56;27;-536;728;-97;4296.57;4297.64;4295.24;4297.55;4300.25;4295.24;4303.03;4295.24;4303.03;4285.95;4198;4129;;;;;;;;;;;;;;;;;;;;;;;;;;;;;
ENTRY;2026.09.24 04:25:02;a;sell;288;0;4297.29;4297.25;4297.82;57;19;-544;720;-105;4296.57;4297.64;4295.24;4297.55;4300.25;4295.24;4303.03;4295.24;4303.03;4285.95;1191;1178;;;;;;;;;;;;;;;;;;;;;;;;;;;;;
BASKET_CLOSE;2026.09.24 04:25:32;c;sell;287;;;;;;;;;;;;;;;;;;;;;;;;;;;;;;;;;;1;0.1;4297.33;4296.66;67;11;32;32;162;2026.09.24 04:25:00;32;82;2026.09.24 04:25:00;-82;;;
BASKET_CLOSE;2026.09.24 04:25:33;a;sell;288;;;;;;;;;;;;;;;;;;;;;;;;;;;;;;;;;;1;0.1;4297.29;4296.53;76;12;31;31;157;2026.09.24 04:25:00;33;87;2026.09.24 04:25:00;-87;;;
ENTRY;2026.09.24 04:28:02;b;buy;289;0;4298.71;4298.13;4298.69;56;212;-74;264;-17;4297.27;4298.16;4296.62;4298.12;4298.16;4295.15;4303.03;4295.15;4303.03;4285.95;1260;1229;;;;;;;;;;;;;;;;;;;;;;;;;;;;;
BASKET_CLOSE;2026.09.24 04:29:19;b;buy;289;;;;;;;;;;;;;;;;;;;;;;;;;;;;;;;;;;1;0.1;4298.71;4299.5;79;12;77;77;109;2026.09.24 04:29:00;19;161;2026.09.24 04:29:00;-63;;;
BASKET_CLOSE;2026.09.24 04:29:25;a;buy;286;;;;;;;;;;;;;;;;;;;;;;;;;;;;;;;;;;2;0.25;4298.478;4299.32;84.2;33;321;742;132.2;2026.09.24 04:29:00;25;332.8;2026.09.24 04:29:00;-39.8;;;
ENTRY;2026.09.24 04:30:00;a;sell;290;0;4299.24;4299.31;4299.87;56;119;-38;171;-338;4298.54;4299.8;4298.08;4299.11;4299.8;4295.15;4303.03;4295.15;4303.03;4289.59;298;267;;;;;;;;;;;;;;;;;;;;;;;;;;;;;
BASKET_CLOSE;2026.09.24 04:30:09;a;sell;290;;;;;;;;;;;;;;;;;;;;;;;;;;;;;;;;;;1;0.1;4299.24;4298.68;56;9;9;9;124;2026.09.24 04:30:00;9;186;2026.09.24 04:30:00;-186;;;
ENTRY;2026.09.24 04:34:01;b;sell;291;0;4297;4297.14;4297.7;56;-218;62;-555;-555;4299.43;4299.52;4296.92;4296.92;4300.61;4296.92;4300.61;4295.15;4303.03;4289.59;1020;1009;;;;;;;;;;;;;;;;;;;;;;;;;;;;;
ENTRY;2026.09.24 04:35:00;c;buy;292;0;4298.02;4297.6;4298.15;55;-184;5;-346;-509;4296.89;4300.59;4296.61;4297.42;4300.61;4296.61;4300.61;4295.15;4303.03;4289.59;1260;1206;;;;;;;;;;;;;;;;;;;;;;;;;;;;;
BASKET_CLOSE;2026.09.24 04:35:13;c;buy;292;;;;;;;;;;;;;;;;;;;;;;;;;;;;;;;;;;1;0.1;4298.02;4298.84;82;13;13;13;111;2026.09.24 04:35:00;13;71;2026.09.24 04:35:00;-71;;;
BASKET_CLOSE;2026.09.24 04:36:30;b;sell;291;;;;;;;;;;;;;;;;;;;;;;;;;;;;;;;;;;1;0.1;4297;4296.23;77;12;149;149;129;2026.09.24 04:36:00;30;415;2026.09.24 04:36:00;-188;;;
ENTRY;2026.09.24 04:39:00;c;sell;293;0;4293.15;4293.15;4293.71;56;-212;-542;-654;-954;4294.57;4294.57;4292.87;4293.3;4300.59;4292.87;4300.61;4292.87;4303.03;4289.59;840;808;;;;;;;;;;;;;;;;;;;;;;;;;;;;;
BASKET_CLOSE;2026.09.24 04:41:12;c;sell;293;;;;;;;;;;;;;;;;;;;;;;;;;;;;;;;;;;1;0.1;4293.15;4292.54;61;10;132;132;125;2026.09.24 04:41:00;12;106;2026.09.24 04:41:00;-104;;;
ENTRY;2026.09.24 04:45:01;a;sell;294;0;4289.48;4289.57;4290.12;55;-239;-785;-644;-954;4289.66;4290.94;4289.42;4289.68;4293.65;4289.19;4300.61;4289.19;4303.03;4289.19;901;892;;;;;;;;;;;;;;;;;;;;;;;;;;;;;
BASKET_CLOSE;2026.09.24 04:46:00;a;sell;294;;;;;;;;;;;;;;;;;;;;;;;;;;;;;;;;;;1;0.1;4289.48;4288.29;119;19;59;59;567;2026.09.24 04:46:00;0;135;2026.09.24 04:45:00;-135;;;
ENTRY;2026.09.24 04:53:00;b;buy;295;0;4288.66;4288.11;4288.67;56;647;-385;-881;-1100;4283.43;4287.17;4283.36;4287.1;4288.84;4281.11;4294.57;4281.11;4303.03;4281.11;1498;1421;;;;;;;;;;;;;;;;;;;;;;;;;;;;;
ENTRY;2026.09.24 04:55:01;b;sell;296;0;4282.51;4282.23;4282.79;56;-487;-745;-1542;-1688;4285.94;4286.01;4282.11;4282.11;4288.41;4281.11;4293.65;4281.11;4303.03;4281.11;1260;1111;;;;;;;;;;;;;;;;;;;;;;;;;;;;;
BASKET_CLOSE;2026.09.24 04:57:30;b;sell;296;;;;;;;;;;;;;;;;;;;;;;;;;;;;;;;;;;1;0.1;4282.51;4281.92;59;9;149;149;388;2026.09.24 04:57:00;30;259;2026.09.24 04:57:00;-150;;;
NANPIN;2026.09.24 05:00:04;b;buy;295;1;4279.57;4279.25;4279.81;56;;;;;;;;;;;;;;;;;4288.66;2026.09.24 04:53:00;424;1.5;909;1388;2026.09.24 05:00:00;4288.41;4274.22;479;2026.09.24 05:00:00;4;;;;;;;;;;;;;;;;;
ENTRY;2026.09.24 05:13:27;a;sell;297;0;4279.74;4279.75;4280.31;56;210;260;-616;-993;4277.96;4278.33;4276.75;4277.89;4278.33;4273.51;4280.05;4273.51;4303.03;4273.51;1706;1647;;;;;;;;;;;;;;;;;;;;;;;;;;;;;
BASKET_CLOSE;2026.09.24 05:15:46;b;buy;295;;;;;;;;;;;;;;;;;;;;;;;;;;;;;;;;;;2;0.25;4283.206;4283.72;51.4;20;942;1366;123.4;2026.09.24 05:15:00;46;969.6;2026.09.24 05:15:00;-72.6;;;
ENTRY;2026.09.24 05:20:00;a;buy;298;0;4285.22;4284.64;4285.19;55;-14;851;1042;566;4284.96;4286.31;4284.45;4284.53;4286.31;4282.48;4286.31;4273.51;4300.61;4273.51;3777;3035;;;;;;;;;;;;;;;;;;;;;;;;;;;;;
NANPIN;2026.09.24 05:20:30;a;sell;297;1;4284.44;4284.2;4284.76;56;;;;;;;;;;;;;;;;;4279.74;2026.09.24 05:13:27;423;1.5;470;657;2026.09.24 05:19:00;4286.31;4277.89;187;2026.09.24 05:20:27;3;;;;;;;;;;;;;;;;;
ENTRY;2026.09.24 05:21:00;b;sell;299;0;4283.93;4283.92;4284.48;56;-89;627;713;494;4284.68;4284.9;4283.73;4283.91;4286.31;4283.73;4286.31;4273.51;4300.61;4273.51;1559;1410;;;;;;;;;;;;;;;;;;;;;;;;;;;;;
ENTRY;2026.09.24 05:23:00;b;buy;300;0;4284.63;4284.13;4284.69;56;22;624;911;515;4284.82;4284.83;4283.29;4284.07;4286.31;4283.29;4286.31;4273.51;4300.61;4273.51;1800;434;;;;;;;;;;;;;;;;;;;;;;;;;;;;;
BASKET_CLOSE;2026.09.24 05:23:35;b;sell;299;;;;;;;;;;;;;;;;;;;;;;;;;;;;;;;;;;1;0.1;4283.93;4283.14;79;12;155;155;88;2026.09.24 05:23:00;35;163;;;;;
BASKET_CLOSE;2026.09.24 05:24:24;b;buy;300;;;;;;;;;;;;;;;;;;;;;;;;;;;;;;;;;;1;0.1;4284.63;4284.98;35;6;84;84;76;2026.09.24 05:24:00;24;214;;;;;
BASKET_CLOSE;2026.09.24 05:25:14;a;buy;298;;;;;;;;;;;;;;;;;;;;;;;;;;;;;;;;;;1;0.1;4285.22;4285.91;69;11;314;314;69;2026.09.24 05:25:00;14;273;;;;;
NANPIN;2026.09.24 05:29:03;a;sell;297;2;4285.82;4285.78;4286.33;55;;;;;;;;;;;;;;;;;4284.44;2026.09.24 05:20:30;513;1.533;138;278;2026.09.24 05:26:00;4287.22;4282.49;140;2026.09.24 05:27:30;93;;;;;;;;;;;;;;;;;
ENTRY;2026.09.24 05:30:02;b;buy;301;0;4286.31;4285.22;4285.77;55;65;69;757;269;4285.47;4286.5;4285.15;4285.75;4287.22;4284.16;4287.22;4282.48;4300.61;4273.51;422;338;;;;;;;;;;;;;;;;;;;;;;;;;;;;;
ENTRY;2026.09.24 05:30:02;a;buy;302;0;4285.99;4285.09;4285.64;55;52;56;744;256;4285.47;4286.5;4285.15;4285.75;4287.22;4284.16;4287.22;4282.48;4300.61;4273.51;602;288;;;;;;;;;;;;;;;;;;;;;;;;;;;;;
BASKET_CLOSE;2026.09.24 05:30:46;a;buy;302;;;;;;;;;;;;;;;;;;;;;;;;;;;;;;;;;;1;0.1;4285.99;4286.68;69;11;44;44;166;2026.09.24 05:30:00;46;186;2026.09.24 05:30:00;-186;;;
BASKET_CLOSE;2026.09.24 05:30:51;b;buy;301;;;;;;;;;;;;;;;;;;;;;;;;;;;;;;;;;;1;0.1;4286.31;4287.33;102;16;49;49;134;2026.09.24 05:30:00;51;218;2026.09.24 05:30:00;-218;;;
NANPIN;2026.09.24 05:36:04;a;sell;297;3;4292;4292;4292.56;56;;;;;;;;;;;;;;;;;4285.82;2026.09.24 05:29:03;421;1.478;618;821;2026.09.24 05:35:00;4294.03;4284.13;203;2026.09.24 05:36:03;1;;;;;;;;;;;;;;;;;
ENTRY;2026.09.24 05:37:00;b;sell;303;0;4291.1;4291;4291.55;55;-156;545;622;847;4291.62;4292.89;4290.83;4291.08;4294.03;4287.86;4294.03;4282.49;4295.84;4273.51;960;805;;;;;;;;;;;;;;;;;;;;;;;;;;;;;
NANPIN;2026.09.24 05:43:34;a;sell;297;4;4295.15;4295.26;4295.82;56;;;;;;;;;;;;;;;;;4292;2026.09.24 05:36:04;450;1.5;315;489;2026.09.24 05:43:00;4296.89;4290.43;174;2026.09.24 05:43:04;30;;;;;;;;;;;;;;;;;
NANPIN;2026.09.24 05:44:01;b;sell;303;1;4295.21;4295.19;4295.74;55;;;;;;;;;;;;;;;;;4291.1;2026.09.24 05:37:00;421;1.5;411;579;2026.09.24 05:43:00;4296.89;4290.43;168;2026.09.24 05:44:00;1;;;;;;;;;;;;;;;;;
ENTRY;2026.09.24 05:45:01;a;buy;304;0;4295.6;4295.26;4295.81;55;-35;270;1103;951;4295.26;4295.74;4294.65;4295.21;4296.89;4293.26;4296.89;4284.13;4296.89;4273.51;899;855;;;;;;;;;;;;;;;;;;;;;;;;;;;;;
BASKET_CLOSE;2026.09.24 05:49:04;b;sell;303;;;;;;;;;;;;;;;;;;;;;;;;;;;;;;;;;;2;0.25;4293.566;4291.95;161.6;64;303;724;229.6;2026.09.24 05:49:00;4;272.4;2026.09.24 05:48:00;-164.4;;;
BASKET_CLOSE;2026.09.24 05:52:02;a;sell;297;;;;;;;;;;;;;;;;;;;;;;;;;;;;;;;;;;5;1.33;4290.365;4288.974;139.1;297;508;2315;204.5;2026.09.24 05:52:00;2;708.5;2026.09.24 05:51:00;-84.5;;;
NANPIN;2026.09.24 05:52:03;a;buy;304;1;4288.86;4288.44;4289;56;;;;;;;;;;;;;;;;;4295.6;2026.09.24 05:45:01;422;1.5;674;729;2026.09.24 05:52:00;4295.43;4287.76;55;2026.09.24 05:52:01;2;;;;;;;;;;;;;;;;;
ENTRY;2026.09.24 05:52:26;c;sell;305;0;4288.53;4288.6;4289.15;55;-359;-706;-302;285;4290.01;4290.65;4288.36;4288.45;4294.66;4288.36;4296.89;4288.36;4296.89;4273.51;4406;4274;;;;;;;;;;;;;;;;;;;;;;;;;;;;;
BASKET_CLOSE;2026.09.24 05:53:45;c;sell;305;;;;;;;;;;;;;;;;;;;;;;;;;;;;;;;;;;1;0.1;4288.53;4287.79;74;12;79;79;113;2026.09.24 05:53:00;45;113;2026.09.24 05:53:00;-69;;;
ENTRY;2026.09.24 05:55:01;b;buy;306;0;4290.15;4289.92;4290.47;55;171;-529;-158;417;4288.34;4289.94;4288.17;4289.6;4292.54;4286.85;4296.89;4286.85;4296.89;4273.51;1499;1450;;;;;;;;;;;;;;;;;;;;;;;;;;;;;
BASKET_CLOSE;2026.09.24 05:55:07;b;buy;306;;;;;;;;;;;;;;;;;;;;;;;;;;;;;;;;;;1;0.1;4290.15;4290.74;59;9;6;6;237;2026.09.24 05:55:00;7;63;2026.09.24 05:55:00;-63;;;
ENTRY;2026.09.24 05:59:08;b;sell;307;0;4290.61;4290.56;4291.1;54;-117;-134;-450;481;4291.38;4292.09;4290.6;4290.77;4292.55;4288.17;4295.74;4286.85;4296.89;4273.51;1328;604;;;;;;;;;;;;;;;;;;;;;;;;;;;;;
ENTRY;2026.09.24 06:00:01;a;sell;308;0;4290.35;4290.18;4290.73;55;-119;-201;-309;-503;4290.92;4291.22;4290.03;4290.55;4292.55;4289.52;4295.43;4286.85;4296.89;4273.51;2794;479;;;;;;;;;;;;;;;;;;;;;;;;;;;;;
BASKET_CLOSE;2026.09.24 06:00:40;a;buy;304;;;;;;;;;;;;;;;;;;;;;;;;;;;;;;;;;;2;0.25;4291.556;4291.59;3.4;2;517;939;105.4;2026.09.24 06:00:00;40;470.6;2026.09.24 06:00:00;-141.6;;;
ENTRY;2026.09.24 06:02:02;b;buy;309;0;4293.54;4292.69;4293.23;54;214;424;-292;-252;4291.87;4293.13;4291.59;4292.85;4293.13;4290.03;4294.66;4286.85;4296.89;4273.51;421;415;;;;;;;;;;;;;;;;;;;;;;;;;;;;;
ENTRY;2026.09.24 06:03:01;c;buy;310;0;4291.22;4290.59;4291.13;54;-127;238;-463;-462;4292.9;4293.58;4290.04;4290.67;4293.58;4290.03;4294.66;4286.85;4296.89;4273.51;5281;5268;;;;;;;;;;;;;;;;;;;;;;;;;;;;;
BASKET_CLOSE;2026.09.24 06:05:18;b;sell;307;;;;;;;;;;;;;;;;;;;;;;;;;;;;;;;;;;1;0.1;4290.61;4289.92;69;11;370;370;223;2026.09.24 06:05:00;18;351;2026.09.24 06:05:00;-4;;;
BASKET_CLOSE;2026.09.24 06:05:19;a;sell;308;;;;;;;;;;;;;;;;;;;;;;;;;;;;;;;;;;1;0.1;4290.35;4289.45;90;14;318;318;196;2026.09.24 06:05:00;19;378;2026.09.24 06:05:00;-31;;;
ENTRY;2026.09.24 06:08:00;c;sell;311;0;4286.48;4286.48;4287.03;55;-137;-489;-542;-873;4285.75;4285.92;4284.96;4285.91;4291.65;4284.96;4293.58;4284.96;4296.89;4273.51;934;855;;;;;;;;;;;;;;;;;;;;;;;;;;;;;
NANPIN;2026.09.24 06:09:02;b;buy;309;1;4287.08;4286.7;4287.24;54;;;;;;;;;;;;;;;;;4293.54;2026.09.24 06:02:02;420;1.5;646;804;2026.09.24 06:07:00;4293.58;4284.96;158;2026.09.24 06:09:02;0;;;;;;;;;;;;;;;;;
NANPIN;2026.09.24 06:10:02;c;buy;310;1;4287.11;4286.57;4287.11;54;;;;;;;;;;;;;;;;;4291.22;2026.09.24 06:03:01;421;1.5;411;572;2026.09.24 06:07:00;4291.65;4284.96;161;2026.09.24 06:10:01;1;;;;;;;;;;;;;;;;;
ENTRY;2026.09.24 06:12:01;b;sell;312;0;4285.96;4285.96;4286.51;55;-63;-689;-225;-925;4285.79;4286.22;4285.33;4285.98;4287.19;4284.96;4293.58;4284.96;4296.89;4276.75;773;403;;;;;;;;;;;;;;;;;;;;;;;;;;;;;
BASKET_CLOSE;2026.09.24 06:12:20;c;sell;311;;;;;;;;;;;;;;;;;;;;;;;;;;;;;;;;;;1;0.1;4286.48;4285.7;78;12;260;260;102;2026.09.24 06:12:00;20;126;2026.09.24 06:12:00;-5;;;
ENTRY;2026.09.24 06:15:01;a;sell;313;0;4286.75;4286.75;4287.3;55;120;-315;-575;-380;4288.04;4288.05;4286.48;4286.77;4288.07;4284.91;4293.58;4284.91;4296.89;4282.48;900;582;;;;;;;;;;;;;;;;;;;;;;;;;;;;;
NANPIN;2026.09.24 06:19:01;b;sell;312;1;4289.86;4289.71;4290.25;54;;;;;;;;;;;;;;;;;4285.96;2026.09.24 06:12:01;420;1.5;390;443;2026.09.24 06:19:00;4290.39;4284.91;53;2026.09.24 06:19:01;0;;;;;;;;;;;;;;;;;
ENTRY;2026.09.24 06:19:10;c;buy;314;0;4290.82;4290.27;4290.82;55;257;407;-28;-28;4288.42;4289.72;4288.34;4289.67;4289.72;4286.48;4291.65;4284.91;4296.89;4282.49;969;6237;;;;;;;;;;;;;;;;;;;;;;;;;;;;;
BASKET_CLOSE;2026.09.24 06:19:11;c;buy;310;;;;;;;;;;;;;;;;;;;;;;;;;;;;;;;;;;2;0.25;4288.754;4290.3;154.6;60;549;970;163.6;2026.09.24 06:19:00;11;384.4;2026.09.24 06:19:00;-123.4;;;
BASKET_CLOSE;2026.09.24 06:21:40;b;sell;312;;;;;;;;;;;;;;;;;;;;;;;;;;;;;;;;;;2;0.25;4288.3;4287.655;64.5;25;159;579;123;2026.09.24 06:21:00;40;263;2026.09.24 06:21:00;31;;;
ENTRY;2026.09.24 06:21:40;b;sell;315;0;4287.08;4287.07;4287.62;55;-260;126;-578;-348;4287.67;4288.7;4287.2;4287.43;4290.39;4286.75;4290.39;4284.91;4296.89;4282.49;579;982;;;;;;;;;;;;;;;;;;;;;;;;;;;;;
NANPIN;2026.09.24 06:22:08;a;sell;313;1;4288.02;4288.02;4288.57;55;;;;;;;;;;;;;;;;;4286.75;2026.09.24 06:15:01;427;1.5;127;364;2026.09.24 06:19:00;4290.39;4286.49;237;2026.09.24 06:22:01;7;;;;;;;;;;;;;;;;;
NANPIN;2026.09.24 06:26:12;c;buy;314;1;4288.21;4287.71;4288.25;54;;;;;;;;;;;;;;;;;4290.82;2026.09.24 06:19:10;422;1.5;261;378;2026.09.24 06:22:00;4290.39;4286.49;117;2026.09.24 06:26:10;2;;;;;;;;;;;;;;;;;
BASKET_CLOSE;2026.09.24 06:27:54;a;sell;313;;;;;;;;;;;;;;;;;;;;;;;;;;;;;;;;;;2;0.25;4287.512;4286.96;55.2;22;346;773;104.2;2026.09.24 06:27:00;54;143.8;2026.09.24 06:27:00;-22.8;;;
ENTRY;2026.09.24 06:28:00;c;sell;316;0;4285.89;4285.89;4286.43;54;-129;-254;-31;-466;4287.05;4287.19;4285.92;4286.35;4288.4;4285.92;4290.39;4285.52;4296.89;4284.13;1200;940;;;;;;;;;;;;;;;;;;;;;;;;;;;;;
BASKET_CLOSE;2026.09.24 06:28:13;b;sell;315;;;;;;;;;;;;;;;;;;;;;;;;;;;;;;;;;;1;0.1;4287.08;4286.01;107;17;393;393;106;2026.09.24 06:28:00;13;187;2026.09.24 06:28:00;5;;;
NANPIN;2026.09.24 06:29:48;b;buy;309;2;4285.74;4285.17;4285.71;54;;;;;;;;;;;;;;;;;4287.08;2026.09.24 06:09:02;1246;1.533;134;163;2026.09.24 06:12:00;4290.39;4284.91;29;2026.09.24 06:29:00;48;;;;;;;;;;;;;;;;;
ENTRY;2026.09.24 06:30:00;a;sell;317;0;4285.78;4285.78;4286.32;54;-57;-187;-3;-99;4286.15;4286.61;4285;4285.62;4288.34;4285;4290.39;4285;4296.89;4284.13;899;126;;;;;;;;;;;;;;;;;;;;;;;;;;;;;
NANPIN;2026.09.24 06:33:12;c;buy;314;2;4286.3;4285.76;4286.29;53;;;;;;;;;;;;;;;;;4288.21;2026.09.24 06:26:12;420;1.533;191;277;2026.09.24 06:31:00;4288.34;4284.9;86;2026.09.24 06:33:12;0;;;;;;;;;;;;;;;;;
BASKET_CLOSE;2026.09.24 06:34:00;a;sell;317;;;;;;;;;;;;;;;;;;;;;;;;;;;;;;;;;;1;0.1;4285.78;;;;240;240;;;;;;;;;close_not_logged
BASKET_CLOSE;2026.09.24 06:34:54;c;sell;316;;;;;;;;;;;;;;;;;;;;;;;;;;;;;;;;;;1;0.1;4285.89;4285.18;71;11;414;414;115;2026.09.24 06:34:00;54;150;2026.09.24 06:34:00;-71;;;
NANPIN;2026.09.24 06:36:50;b;buy;309;3;4284.13;4284.44;4284.98;54;;;;;;;;;;;;;;;;;4285.74;2026.09.24 06:29:48;422;1.478;161;229;2026.09.24 06:36:00;4286.85;4282.91;68;2026.09.24 06:36:48;2;;;;;;;;;;;;;;;;;
NANPIN;2026.09.24 06:40:39;c;buy;314;3;4285;4284.45;4285;55;;;;;;;;;;;;;;;;;4286.3;2026.09.24 06:33:12;447;1.478;130;328;2026.09.24 06:37:00;4286.2;4282.49;198;2026.09.24 06:40:12;27;;;;;;;;;;;;;;;;;
ENTRY;2026.09.24 06:42:00;b;sell;318;0;4283.79;4283.79;4284.33;54;-125;-159;-364;-298;4284.61;4285.42;4283.74;4283.89;4285.7;4282.49;4287.19;4282.49;4296.89;4282.49;1220;827;;;;;;;;;;;;;;;;;;;;;;;;;;;;;
BASKET_CLOSE;2026.09.24 06:43:01;b;sell;318;;;;;;;;;;;;;;;;;;;;;;;;;;;;;;;;;;1;0.1;4283.79;4283.1;69;11;61;61;127;2026.09.24 06:43:00;1;78;2026.09.24 06:43:00;47;;;
ENTRY;2026.09.24 06:45:02;a;sell;319;0;4281.55;4281.55;4282.08;53;-101;-265;-563;-407;4282.18;4282.25;4281.44;4281.56;4285.42;4281.44;4286.85;4281.44;4295.43;4281.44;902;662;;;;;;;;;;;;;;;;;;;;;;;;;;;;;
NANPIN;2026.09.24 06:45:48;b;buy;309;4;4282.71;4282.12;4282.67;55;;;;;;;;;;;;;;;;;4284.13;2026.09.24 06:36:50;538;1.5;142;324;2026.09.24 06:45:00;4285.7;4280.35;182;2026.09.24 06:43:50;118;;;;;;;;;;;;;;;;;
NANPIN;2026.09.24 06:48:16;c;buy;314;4;4283.69;4283.3;4283.84;54;;;;;;;;;;;;;;;;;4285;2026.09.24 06:40:39;457;1.5;131;410;2026.09.24 06:45:00;4285.42;4280.35;279;2026.09.24 06:47:39;37;;;;;;;;;;;;;;;;;
ENTRY;2026.09.24 06:51:01;b;sell;320;0;4283.51;4283.5;4284.03;53;6;-112;-188;-212;4282.98;4283.74;4282.3;4283.57;4284.31;4282.13;4285.7;4280.35;4293.58;4280.35;541;480;;;;;;;;;;;;;;;;;;;;;;;;;;;;;
BASKET_CLOSE;2026.09.24 06:51:49;b;sell;320;;;;;;;;;;;;;;;;;;;;;;;;;;;;;;;;;;1;0.1;4283.51;4282.85;66;10;48;48;85;2026.09.24 06:51:00;49;57;;;;;
NANPIN;2026.09.24 06:53:59;a;sell;319;1;4282.9;4282.92;4283.45;53;;;;;;;;;;;;;;;;;4281.55;2026.09.24 06:45:02;537;1.5;135;276;2026.09.24 06:47:00;4284.31;4280.35;141;2026.09.24 06:53:00;59;;;;;;;;;;;;;;;;;
ENTRY;2026.09.24 07:00:01;a;buy;321;0;4285.56;4285.02;4285.56;54;101;206;40;346;4283.78;4285.24;4283.72;4285.01;4285.24;4282.42;4285.24;4280.35;4293.58;4280.35;4500;3561;;;;;;;;;;;;;;;;;;;;;;;;;;;;;
BASKET_CLOSE;2026.09.24 07:00:18;a;buy;321;;;;;;;;;;;;;;;;;;;;;;;;;;;;;;;;;;1;0.1;4285.56;4286.41;85;13;17;17;120;2026.09.24 07:00:00;18;158;2026.09.24 07:00:00;-158;;;
BASKET_CLOSE;2026.09.24 07:00:20;b;buy;309;;;;;;;;;;;;;;;;;;;;;;;;;;;;;;;;;;5;1.33;4284.904;4286.618;171.4;352;872;3498;185.6;2026.09.24 07:00:00;20;455.4;2026.09.24 07:00:00;-92.4;;;
BASKET_CLOSE;2026.09.24 07:00:23;c;buy;314;;;;;;;;;;;;;;;;;;;;;;;;;;;;;;;;;;5;1.33;4285.522;4285.644;12.2;30;727;2473;123.8;2026.09.24 07:00:00;23;452.2;2026.09.24 07:00:00;-154.2;;;
ENTRY;2026.09.24 07:01:01;c;sell;322;0;4284.26;4284.29;4284.82;53;52;72;40;273;4285.02;4286.76;4283.98;4284.3;4286.76;4282.42;4286.76;4281;4293.58;4280.35;1981;1567;;;;;;;;;;;;;;;;;;;;;;;;;;;;;
NANPIN;2026.09.24 07:01:01;a;sell;319;2;4284.29;4284.26;4284.8;54;;;;;;;;;;;;;;;;;4282.9;2026.09.24 06:53:59;422;1.533;139;386;2026.09.24 07:00:00;4286.76;4281.16;247;2026.09.24 07:00:59;2;;;;;;;;;;;;;;;;;
BASKET_CLOSE;2026.09.24 07:01:44;c;sell;322;;;;;;;;;;;;;;;;;;;;;;;;;;;;;;;;;;1;0.1;4284.26;4283.27;99;16;43;43;132;2026.09.24 07:01:00;44;125;2026.09.24 07:01:00;-125;;;
ENTRY;2026.09.24 07:02:01;c;buy;323;0;4283.73;4283.2;4283.73;53;-181;95;64;164;4284.29;4284.98;4282.41;4283.29;4286.76;4282.41;4286.76;4281;4293.58;4280.35;2571;98;;;;;;;;;;;;;;;;;;;;;;;;;;;;;
ENTRY;2026.09.24 07:02:02;b;sell;324;0;4283.2;4283.22;4283.75;53;-179;97;66;166;4284.29;4284.98;4282.41;4283.29;4286.76;4282.41;4286.76;4281;4293.58;4280.35;661;613;;;;;;;;;;;;;;;;;;;;;;;;;;;;;
BASKET_CLOSE;2026.09.24 07:03:49;b;sell;324;;;;;;;;;;;;;;;;;;;;;;;;;;;;;;;;;;1;0.1;4283.2;4282.43;77;12;107;107;116;2026.09.24 07:03:00;49;96;2026.09.24 07:03:00;-93;;;
BASKET_CLOSE;2026.09.24 07:03:52;a;sell;319;;;;;;;;;;;;;;;;;;;;;;;;;;;;;;;;;;3;0.48;4283.285;4282.667;61.8;47;171;1130;123.5;2026.09.24 07:03:00;52;223.5;2026.09.24 07:03:00;-85.5;;;
BASKET_CLOSE;2026.09.24 07:04:38;c;buy;323;;;;;;;;;;;;;;;;;;;;;;;;;;;;;;;;;;1;0.1;4283.73;4284.94;121;19;157;157;128;2026.09.24 07:04:00;38;222;2026.09.24 07:04:00;-123;;;
ENTRY;2026.09.24 07:06:02;b;buy;325;0;4284.12;4283.64;4284.18;54;117;-4;2;208;4284.28;4284.28;4283.48;4283.5;4285.01;4281.51;4286.76;4281;4290.39;4280.35;3840;342;;;;;;;;;;;;;;;;;;;;;;;;;;;;;
BASKET_CLOSE;2026.09.24 07:11:42;b;buy;325;;;;;;;;;;;;;;;;;;;;;;;;;;;;;;;;;;1;0.1;4284.12;4284.91;79;12;340;340;98;2026.09.24 07:11:00;42;127;;;;;
ENTRY;2026.09.24 07:15:01;b;buy;326;0;4285.28;4284.78;4285.33;55;112;67;110;-23;4284.11;4285.96;4284.11;4284.74;4285.96;4283.26;4286.76;4281.51;4290.39;4280.35;539;199;;;;;;;;;;;;;;;;;;;;;;;;;;;;;
ENTRY;2026.09.24 07:15:02;a;sell;327;0;4284.78;4284.74;4285.28;54;108;63;106;-27;4284.11;4285.96;4284.11;4284.74;4285.96;4283.26;4286.76;4281.51;4290.39;4280.35;1800;670;;;;;;;;;;;;;;;;;;;;;;;;;;;;;
BASKET_CLOSE;2026.09.24 07:16:54;b;buy;326;;;;;;;;;;;;;;;;;;;;;;;;;;;;;;;;;;1;0.1;4285.28;4285.96;68;11;113;113;101;2026.09.24 07:16:00;54;66;2026.09.24 07:16:00;-20;;;
ENTRY;2026.09.24 07:20:01;a;buy;328;0;4286.77;4286.25;4286.8;55;-9;234;195;124;4285.42;4286.5;4285.07;4286.24;4288.11;4284.62;4288.11;4282.85;4288.7;4280.35;1200;1183;;;;;;;;;;;;;;;;;;;;;;;;;;;;;
ENTRY;2026.09.24 07:20:02;b;sell;329;0;4286.19;4286.13;4286.68;55;-21;222;183;112;4285.42;4286.5;4285.07;4286.24;4288.11;4284.62;4288.11;4282.85;4288.7;4280.35;1080;973;;;;;;;;;;;;;;;;;;;;;;;;;;;;;
NANPIN;2026.09.24 07:22:07;a;sell;327;1;4286.05;4286.05;4286.59;54;;;;;;;;;;;;;;;;;4284.78;2026.09.24 07:15:02;425;1.5;127;333;2026.09.24 07:18:00;4288.11;4284.62;206;2026.09.24 07:22:02;5;;;;;;;;;;;;;;;;;
BASKET_CLOSE;2026.09.24 07:23:12;b;sell;329;;;;;;;;;;;;;;;;;;;;;;;;;;;;;;;;;;1;0.1;4286.19;4285.55;64;10;190;190;120;2026.09.24 07:23:00;12;138;2026.09.24 07:23:00;15;;;
NANPIN;2026.09.24 07:27:01;a;buy;328;1;4284.9;4284.35;4284.9;55;;;;;;;;;;;;;;;;;4286.77;2026.09.24 07:20:01;420;1.5;187;214;2026.09.24 07:26:00;4287.02;4284.08;27;2026.09.24 07:27:01;0;;;;;;;;;;;;;;;;;
ENTRY;2026.09.24 07:28:02;c;sell;330;0;4284.47;4284.46;4285.01;55;-30;-188;71;-55;4284.34;4284.86;4284.23;4284.54;4285.49;4284.08;4288.11;4283.26;4288.11;4280.35;1621;1578;;;;;;;;;;;;;;;;;;;;;;;;;;;;;
BASKET_CLOSE;2026.09.24 07:29:10;a;sell;327;;;;;;;;;;;;;;;;;;;;;;;;;;;;;;;;;;2;0.25;4285.542;4285.02;52.2;20;423;848;109.2;2026.09.24 07:28:00;70;148.8;2026.09.24 07:28:00;-131.8;;;
ENTRY;2026.09.24 07:30:01;b;buy;331;0;4286.43;4285.91;4286.45;54;137;-33;207;117;4284.13;4286.32;4284.13;4286.06;4286.32;4283.91;4288.11;4283.91;4288.11;4280.35;900;787;;;;;;;;;;;;;;;;;;;;;;;;;;;;;
BASKET_CLOSE;2026.09.24 07:32:11;a;buy;328;;;;;;;;;;;;;;;;;;;;;;;;;;;;;;;;;;2;0.25;4285.648;4286.945;129.7;52;310;730;174.2;2026.09.24 07:32:00;11;173.8;2026.09.24 07:31:00;24.2;;;
ENTRY;2026.09.24 07:32:12;a;buy;332;0;4287.31;4286.71;4287.26;55;65;102;305;197;4286.22;4286.84;4285.89;4286.6;4286.84;4283.91;4288.11;4283.91;4288.11;4280.35;731;1914;;;;;;;;;;;;;;;;;;;;;;;;;;;;;
BASKET_CLOSE;2026.09.24 07:32:38;b;buy;331;;;;;;;;;;;;;;;;;;;;;;;;;;;;;;;;;;1;0.1;4286.43;4287.22;79;12;157;157;96;2026.09.24 07:32:00;38;57;;;;;
BASKET_CLOSE;2026.09.24 07:33:29;a;buy;332;;;;;;;;;;;;;;;;;;;;;;;;;;;;;;;;;;1;0.1;4287.31;4287.8;49;8;77;77;68;2026.09.24 07:33:00;29;91;;;;;
ENTRY;2026.09.24 07:35:01;c;buy;333;0;4289.06;4288.61;4289.16;55;200;396;334;387;4287.77;4288.79;4286.75;4288.63;4288.79;4285.86;4288.79;4283.91;4288.79;4280.35;1980;1823;;;;;;;;;;;;;;;;;;;;;;;;;;;;;
NANPIN;2026.09.24 07:35:03;c;sell;330;1;4288.46;4288.59;4289.14;55;;;;;;;;;;;;;;;;;4284.47;2026.09.24 07:28:02;421;1.5;399;450;2026.09.24 07:35:00;4288.97;4283.91;51;2026.09.24 07:35:02;1;;;;;;;;;;;;;;;;;
ENTRY;2026.09.24 07:38:00;b;sell;334;0;4286.63;4286.63;4287.18;55;-207;209;121;189;4287.95;4288.33;4286.8;4286.84;4288.97;4286.64;4288.97;4283.91;4288.97;4280.35;1078;888;;;;;;;;;;;;;;;;;;;;;;;;;;;;;
NANPIN;2026.09.24 07:42:02;c;buy;333;1;4287.48;4286.75;4287.29;54;;;;;;;;;;;;;;;;;4289.06;2026.09.24 07:35:01;421;1.5;158;280;2026.09.24 07:42:00;4288.97;4285.71;122;2026.09.24 07:42:01;1;;;;;;;;;;;;;;;;;
ENTRY;2026.09.24 07:45:01;b;buy;335;0;4286.83;4286.3;4286.83;53;14;-233;154;24;4286.83;4287.32;4286.04;4286.33;4287.36;4285.71;4288.97;4285.71;4288.97;4280.35;900;743;;;;;;;;;;;;;;;;;;;;;;;;;;;;;
ENTRY;2026.09.24 07:45:02;a;buy;336;0;4286.83;4286.42;4286.95;53;26;-221;166;36;4286.83;4287.32;4286.04;4286.33;4287.36;4285.71;4288.97;4285.71;4288.97;4280.35;770;693;;;;;;;;;;;;;;;;;;;;;;;;;;;;;
BASKET_CLOSE;2026.09.24 07:46:48;a;buy;336;;;;;;;;;;;;;;;;;;;;;;;;;;;;;;;;;;1;0.1;4286.83;4287.51;68;11;106;106;68;2026.09.24 07:46:00;48;102;;;;;
BASKET_CLOSE;2026.09.24 07:46:49;b;buy;335;;;;;;;;;;;;;;;;;;;;;;;;;;;;;;;;;;1;0.1;4286.83;4287.51;68;11;108;108;68;2026.09.24 07:46:00;49;102;;;;;
NANPIN;2026.09.24 07:47:57;b;sell;334;1;4287.78;4287.78;4288.32;54;;;;;;;;;;;;;;;;;4286.63;2026.09.24 07:38:00;597;1.5;115;162;2026.09.24 07:38:00;4288.25;4285.71;47;2026.09.24 07:47:00;57;;;;;;;;;;;;;;;;;
BASKET_CLOSE;2026.09.24 07:53:07;c;buy;333;;;;;;;;;;;;;;;;;;;;;;;;;;;;;;;;;;2;0.25;4288.112;4288.76;64.8;25;665;1086;123.8;2026.09.24 07:52:00;67;240.2;2026.09.24 07:52:00;-78.2;;;
NANPIN;2026.09.24 07:54:58;b;sell;334;2;4289.49;4289.48;4290.03;55;;;;;;;;;;;;;;;;;4287.78;2026.09.24 07:47:57;421;1.533;171;182;2026.09.24 07:54:00;4289.6;4286.99;11;2026.09.24 07:54:57;1;;;;;;;;;;;;;;;;;
NANPIN;2026.09.24 07:55:02;c;sell;330;2;4289.71;4289.71;4290.25;54;;;;;;;;;;;;;;;;;4288.46;2026.09.24 07:35:03;1199;1.533;125;130;2026.09.24 07:55:00;4289.76;4285.71;5;2026.09.24 07:54:00;62;;;;;;;;;;;;;;;;;
ENTRY;2026.09.24 08:00:01;a;buy;337;0;4289.81;4289.27;4289.82;55;-16;95;243;294;4289.49;4289.59;4288.93;4289.19;4290.04;4288.87;4290.04;4285.81;4290.04;4281.51;899;793;;;;;;;;;;;;;;;;;;;;;;;;;;;;;
BASKET_CLOSE;2026.09.24 08:00:16;a;buy;337;;;;;;;;;;;;;;;;;;;;;;;;;;;;;;;;;;1;0.1;4289.81;4290.58;77;12;15;15;181;2026.09.24 08:00:00;16;59;2026.09.24 08:00:00;-59;;;
ENTRY;2026.09.24 08:01:01;b;buy;338;0;4291.62;4291.23;4291.77;54;172;300;457;490;4289.22;4291.62;4289.22;4291.31;4291.62;4288.87;4291.62;4286.04;4291.62;4281.51;960;852;;;;;;;;;;;;;;;;;;;;;;;;;;;;;
BASKET_CLOSE;2026.09.24 08:02:05;b;buy;338;;;;;;;;;;;;;;;;;;;;;;;;;;;;;;;;;;1;0.1;4291.62;4292.27;65;10;64;64;89;2026.09.24 08:02:00;5;104;;;;;
NANPIN;2026.09.24 08:06:43;b;sell;334;3;4292.82;4292.82;4293.36;54;;;;;;;;;;;;;;;;;4289.49;2026.09.24 07:54:58;705;1.478;333;654;2026.09.24 08:05:00;4296.03;4288.87;321;2026.09.24 08:01:58;285;;;;;;;;;;;;;;;;;
NANPIN;2026.09.24 08:06:45;c;sell;330;3;4292.75;4292.75;4293.29;54;;;;;;;;;;;;;;;;;4289.71;2026.09.24 07:55:02;703;1.478;304;632;2026.09.24 08:05:00;4296.03;4288.87;328;2026.09.24 08:02:02;283;;;;;;;;;;;;;;;;;
ENTRY;2026.09.24 08:15:01;a;buy;339;0;4290.52;4289.99;4290.52;53;-168;-491;40;80;4290.54;4290.62;4289.94;4290.16;4293.33;4289.94;4296.03;4289.22;4296.03;4283.91;900;885;;;;;;;;;;;;;;;;;;;;;;;;;;;;;
BASKET_CLOSE;2026.09.24 08:16:12;b;sell;334;;;;;;;;;;;;;;;;;;;;;;;;;;;;;;;;;;4;0.82;4290.209;4288.795;141.4;182;569;2292;366.9;2026.09.24 08:16:00;12;588.1;2026.09.24 08:15:00;-46.1;;;
BASKET_CLOSE;2026.09.24 08:16:13;c;sell;330;;;;;;;;;;;;;;;;;;;;;;;;;;;;;;;;;;4;0.82;4290.103;4288.562;154;192;568;2891;356.3;2026.09.24 08:16:00;13;598.7;2026.09.24 08:15:00;-56.7;;;
ENTRY;2026.09.24 08:19:01;b;buy;340;0;4289.48;4288.93;4289.48;55;248;-477;-26;-26;4288.2;4289.05;4287.83;4288.93;4290.62;4286;4296.03;4286;4296.03;4283.91;1080;1016;;;;;;;;;;;;;;;;;;;;;;;;;;;;;
BASKET_CLOSE;2026.09.24 08:20:30;b;buy;340;;;;;;;;;;;;;;;;;;;;;;;;;;;;;;;;;;1;0.1;4289.48;4290.35;87;14;89;89;172;2026.09.24 08:20:00;30;216;2026.09.24 08:20:00;-8;;;
BASKET_CLOSE;2026.09.24 08:20:41;a;buy;339;;;;;;;;;;;;;;;;;;;;;;;;;;;;;;;;;;1;0.1;4290.52;4291.18;66;10;340;340;68;2026.09.24 08:20:00;41;452;;;;;
ENTRY;2026.09.24 08:23:01;b;sell;341;0;4289.59;4289.51;4290.06;55;-62;-216;-475;32;4288.68;4289.59;4288.59;4289.58;4291.2;4287.32;4295.55;4286;4296.03;4283.91;2701;409;;;;;;;;;;;;;;;;;;;;;;;;;;;;;
ENTRY;2026.09.24 08:28:00;c;buy;342;0;4289.27;4288.72;4289.27;55;-139;49;-498;-47;4289.37;4289.39;4288.41;4288.87;4291.03;4288.41;4291.57;4286;4296.03;4283.91;3179;2093;;;;;;;;;;;;;;;;;;;;;;;;;;;;;
BASKET_CLOSE;2026.09.24 08:28:23;c;buy;342;;;;;;;;;;;;;;;;;;;;;;;;;;;;;;;;;;1;0.1;4289.27;4289.99;72;11;23;23;135;2026.09.24 08:28:00;23;64;2026.09.24 08:28:00;-64;;;
ENTRY;2026.09.24 08:30:07;b;buy;343;0;4290.88;4290.06;4290.6;54;119;70;-262;-10;4290.06;4290.67;4289.49;4290.67;4291.03;4288.41;4291.2;4286;4296.03;4285.71;666;577;;;;;;;;;;;;;;;;;;;;;;;;;;;;;
ENTRY;2026.09.24 08:30:09;a;buy;344;0;4290.47;4289.5;4290.05;55;63;14;-318;-66;4290.06;4290.67;4289.49;4290.67;4291.03;4288.41;4291.2;4286;4296.03;4285.71;908;568;;;;;;;;;;;;;;;;;;;;;;;;;;;;;
NANPIN;2026.09.24 08:30:09;b;sell;341;1;4291.03;4289.78;4290.31;53;;;;;;;;;;;;;;;;;4289.59;2026.09.24 08:23:01;428;1.5;144;149;2026.09.24 08:30:00;4291.08;4288.04;5;2026.09.24 08:30:01;8;;;;;;;;;;;;;;;;;
BASKET_CLOSE;2026.09.24 08:30:20;b;sell;341;;;;;;;;;;;;;;;;;;;;;;;;;;;;;;;;;;2;0.25;4290.454;4289.06;139.4;55;11;439;188.4;2026.09.24 08:30:00;20;115.6;2026.09.24 08:30:00;-115.6;;;
ENTRY;2026.09.24 08:32:01;b;sell;345;0;4285.68;4285.57;4286.12;55;-510;-313;-610;-459;4288.7;4288.98;4285.41;4285.7;4291.08;4285.41;4291.2;4285.41;4296.03;4285.41;540;101;;;;;;;;;;;;;;;;;;;;;;;;;;;;;
ENTRY;2026.09.24 08:33:02;c;sell;346;0;4287.65;4286.92;4287.47;55;-205;-266;-360;-324;4285.78;4288;4285.03;4287.29;4291.08;4285.03;4291.2;4285.03;4296.03;4285.03;3900;1009;;;;;;;;;;;;;;;;;;;;;;;;;;;;;
BASKET_CLOSE;2026.09.24 08:34:01;c;sell;346;;;;;;;;;;;;;;;;;;;;;;;;;;;;;;;;;;1;0.1;4287.65;4286.96;69;11;59;59;214;2026.09.24 08:34:00;1;315;2026.09.24 08:34:00;27;;;
ENTRY;2026.09.24 08:35:01;a;sell;347;0;4284.97;4284.87;4285.41;54;-242;-459;-363;-529;4286.83;4286.83;4284.96;4285.08;4291.08;4284.96;4291.2;4284.96;4296.03;4284.96;4799;3951;;;;;;;;;;;;;;;;;;;;;;;;;;;;;
BASKET_CLOSE;2026.09.24 08:35:44;b;sell;345;;;;;;;;;;;;;;;;;;;;;;;;;;;;;;;;;;1;0.1;4285.68;4284.72;96;15;223;223;97;2026.09.24 08:35:00;44;512;;;;;
NANPIN;2026.09.24 08:37:02;b;buy;343;1;4287.72;4287.22;4287.77;55;;;;;;;;;;;;;;;;;4290.88;2026.09.24 08:30:07;415;1.5;316;618;2026.09.24 08:35:00;4291.08;4284.16;302;2026.09.24 08:37:07;0;;;;;;;;;;;;;;;;;
NANPIN;2026.09.24 08:37:03;a;buy;344;1;4287.84;4287.34;4287.89;55;;;;;;;;;;;;;;;;;4290.47;2026.09.24 08:30:09;414;1.5;263;576;2026.09.24 08:35:00;4291.08;4284.16;313;2026.09.24 08:37:09;0;;;;;;;;;;;;;;;;;
BASKET_CLOSE;2026.09.24 08:39:45;a;sell;347;;;;;;;;;;;;;;;;;;;;;;;;;;;;;;;;;;1;0.1;4284.97;4284.23;74;12;284;284;80;2026.09.24 08:39:00;45;295;;;;;
ENTRY;2026.09.24 08:45:01;a;sell;348;0;4280.98;4280.57;4281.13;56;-152;-451;-954;-1010;4281.62;4281.73;4280.55;4281.23;4286.67;4280.55;4291.08;4280.55;4296.03;4280.55;600;316;;;;;;;;;;;;;;;;;;;;;;;;;;;;;
NANPIN;2026.09.24 08:45:41;a;buy;344;2;4282.68;4282.04;4282.59;55;;;;;;;;;;;;;;;;;4287.84;2026.09.24 08:37:03;518;1.533;516;725;2026.09.24 08:45:00;4287.38;4280.04;209;2026.09.24 08:44:03;98;;;;;;;;;;;;;;;;;
NANPIN;2026.09.24 08:45:53;b;buy;343;2;4283.02;4282.39;4282.94;55;;;;;;;;;;;;;;;;;4287.72;2026.09.24 08:37:02;531;1.533;470;713;2026.09.24 08:45:00;4287.38;4280.04;243;2026.09.24 08:44:02;111;;;;;;;;;;;;;;;;;
ENTRY;2026.09.24 08:50:01;b;sell;349;0;4283.62;4283.73;4284.28;55;-117;-43;-524;-694;4284.39;4284.68;4281.72;4283.15;4285.63;4280.04;4287.38;4280.04;4296.03;4280.04;1080;857;;;;;;;;;;;;;;;;;;;;;;;;;;;;;
BASKET_CLOSE;2026.09.24 08:51:45;b;sell;349;;;;;;;;;;;;;;;;;;;;;;;;;;;;;;;;;;1;0.1;4283.62;4283.07;55;9;104;104;84;2026.09.24 08:51:00;45;134;;;;;
NANPIN;2026.09.24 08:52:02;a;sell;348;1;4282.17;4282.2;4282.76;56;;;;;;;;;;;;;;;;;4280.98;2026.09.24 08:45:01;421;1.5;119;465;2026.09.24 08:46:00;4285.63;4280.04;346;2026.09.24 08:52:01;1;;;;;;;;;;;;;;;;;
BASKET_CLOSE;2026.09.24 08:55:12;a;sell;348;;;;;;;;;;;;;;;;;;;;;;;;;;;;;;;;;;2;0.25;4281.694;4281.395;29.9;13;190;611;131.4;2026.09.24 08:55:00;12;331.6;2026.09.24 08:55:00;-33.6;;;
NANPIN;2026.09.24 08:55:12;b;buy;343;3;4281.86;4281.31;4281.86;55;;;;;;;;;;;;;;;;;4283.02;2026.09.24 08:45:53;559;1.478;116;265;2026.09.24 08:55:00;4285.63;4279.82;149;2026.09.24 08:54:00;72;;;;;;;;;;;;;;;;;
ENTRY;2026.09.24 08:57:01;c;sell;350;0;4278.17;4278.2;4278.75;55;-247;-642;-802;-1247;4279.98;4279.99;4278.13;4278.28;4284.45;4278.13;4285.63;4278.13;4296.03;4278.13;1439;1380;;;;;;;;;;;;;;;;;;;;;;;;;;;;;
ENTRY;2026.09.24 09:00:09;a;sell;351;0;4279.93;4279.72;4280.27;55;67;-343;-462;-151;4278.12;4280.03;4277.43;4279.23;4281.47;4277.43;4285.63;4277.43;4296.03;4277.43;908;297;;;;;;;;;;;;;;;;;;;;;;;;;;;;;
NANPIN;2026.09.24 09:00:10;a;buy;344;3;4281.12;4280.53;4281.07;54;;;;;;;;;;;;;;;;;4282.68;2026.09.24 08:45:41;869;1.478;156;470;2026.09.24 08:59:00;4285.63;4277.43;314;2026.09.24 08:54:00;370;;;;;;;;;;;;;;;;;
NANPIN;2026.09.24 09:04:02;c;sell;350;1;4281.66;4281.87;4282.41;54;;;;;;;;;;;;;;;;;4278.17;2026.09.24 08:57:01;421;1.5;349;514;2026.09.24 09:02:00;4283.31;4277.43;165;2026.09.24 09:04:01;1;;;;;;;;;;;;;;;;;
ENTRY;2026.09.24 09:05:01;b;sell;352;0;4279.83;4279.79;4280.33;54;-249;-88;-271;-144;4281.89;4282.05;4279.28;4279.78;4283.31;4278.93;4284.45;4277.43;4296.03;4277.43;900;796;;;;;;;;;;;;;;;;;;;;;;;;;;;;;
NANPIN;2026.09.24 09:07:09;a;sell;351;1;4282.37;4282.32;4282.86;54;;;;;;;;;;;;;;;;;4279.93;2026.09.24 09:00:09;420;1.5;244;593;2026.09.24 09:07:00;4285.86;4278.93;349;2026.09.24 09:07:09;0;;;;;;;;;;;;;;;;;
BASKET_CLOSE;2026.09.24 09:07:56;a;buy;344;;;;;;;;;;;;;;;;;;;;;;;;;;;;;;;;;;4;0.82;4283.927;4285.643;171.5;211;466;2267;193.3;2026.09.24 09:07:00;56;499.7;2026.09.24 09:07:00;-185.7;;;
BASKET_CLOSE;2026.09.24 09:07:58;b;buy;343;;;;;;;;;;;;;;;;;;;;;;;;;;;;;;;;;;4;0.82;4284.357;4285.662;130.5;172;766;2271;150.3;2026.09.24 09:07:00;58;692.7;2026.09.24 09:07:00;-228.7;;;
ENTRY;2026.09.24 09:10:01;a;buy;353;0;4286.29;4285.84;4286.39;55;27;661;261;461;4283.88;4286.16;4283.19;4285.95;4286.16;4279.69;4286.16;4277.43;4293.33;4277.43;2392;125;;;;;;;;;;;;;;;;;;;;;;;;;;;;;
NANPIN;2026.09.24 09:11:02;c;sell;350;2;4285.34;4285.34;4285.89;55;;;;;;;;;;;;;;;;;4281.66;2026.09.24 09:04:02;420;1.533;368;485;2026.09.24 09:10:00;4286.51;4279.28;117;2026.09.24 09:11:02;0;;;;;;;;;;;;;;;;;
NANPIN;2026.09.24 09:12:02;b;sell;352;1;4284.6;4284.61;4285.15;54;;;;;;;;;;;;;;;;;4279.83;2026.09.24 09:05:01;421;1.5;477;668;2026.09.24 09:10:00;4286.51;4279.69;191;2026.09.24 09:12:01;1;;;;;;;;;;;;;;;;;
BASKET_CLOSE;2026.09.24 09:14:34;b;sell;352;;;;;;;;;;;;;;;;;;;;;;;;;;;;;;;;;;2;0.25;4282.692;4282.115;57.7;23;152;573;129.2;2026.09.24 09:14:00;34;319.8;2026.09.24 09:14:00;-123.8;;;
BASKET_CLOSE;2026.09.24 09:14:36;c;sell;350;;;;;;;;;;;;;;;;;;;;;;;;;;;;;;;;;;3;0.48;4282.696;4282.3;39.6;33;214;1055;128.6;2026.09.24 09:14:00;36;371.4;2026.09.24 09:14:00;-124.4;;;
NANPIN;2026.09.24 09:17:01;a;buy;353;1;4282.83;4282.28;4282.83;55;;;;;;;;;;;;;;;;;4286.29;2026.09.24 09:10:01;420;1.5;346;547;2026.09.24 09:16:00;4286.51;4280.27;201;2026.09.24 09:17:01;0;;;;;;;;;;;;;;;;;
NANPIN;2026.09.24 09:17:36;a;sell;351;2;4283.61;4283.6;4284.14;54;;;;;;;;;;;;;;;;;4282.37;2026.09.24 09:07:09;627;1.533;124;414;2026.09.24 09:10:00;4286.51;4280.27;290;2026.09.24 09:17:00;36;;;;;;;;;;;;;;;;;
ENTRY;2026.09.24 09:18:00;b;buy;354;0;4283.23;4282.65;4283.19;54;163;-292;455;342;4281.73;4283.77;4281.34;4283.18;4284.2;4280.27;4286.51;4279.28;4291.2;4277.43;2873;602;;;;;;;;;;;;;;;;;;;;;;;;;;;;;
BASKET_CLOSE;2026.09.24 09:18:21;a;sell;351;;;;;;;;;;;;;;;;;;;;;;;;;;;;;;;;;;3;0.48;4282.456;4281.367;108.9;81;45;1092;135.6;2026.09.24 09:18:00;21;263.4;2026.09.24 09:18:00;-263.4;;;
BASKET_CLOSE;2026.09.24 09:18:49;b;buy;354;;;;;;;;;;;;;;;;;;;;;;;;;;;;;;;;;;1;0.1;4283.23;4283.94;71;11;49;49;132;2026.09.24 09:18:00;49;267;2026.09.24 09:18:00;-267;;;
ENTRY;2026.09.24 09:20:01;c;sell;355;0;4282.56;4282.62;4283.16;54;-56;-333;139;339;4284.4;4284.54;4282.64;4282.74;4284.55;4280.27;4286.51;4279.69;4291.2;4277.43;1380;325;;;;;;;;;;;;;;;;;;;;;;;;;;;;;
ENTRY;2026.09.24 09:21:05;a;buy;356;0;4286.04;4285.48;4286.01;53;112;-6;302;625;4282.71;4285.04;4282.44;4284.09;4285.04;4280.27;4286.51;4280.27;4291.08;4277.43;664;789;;;;;;;;;;;;;;;;;;;;;;;;;;;;;
BASKET_CLOSE;2026.09.24 09:21:06;a;buy;353;;;;;;;;;;;;;;;;;;;;;;;;;;;;;;;;;;2;0.25;4284.214;4285.555;134.1;54;245;665;144.6;2026.09.24 09:21:00;6;365.4;2026.09.24 09:21:00;-30.4;;;
ENTRY;2026.09.24 09:25:01;b;sell;357;0;4284.24;4283.97;4284.51;54;-195;204;202;474;4284.89;4285.03;4282.75;4283.72;4286.35;4282.44;4286.51;4280.27;4291.08;4277.43;1200;627;;;;;;;;;;;;;;;;;;;;;;;;;;;;;
BASKET_CLOSE;2026.09.24 09:25:06;b;sell;357;;;;;;;;;;;;;;;;;;;;;;;;;;;;;;;;;;1;0.1;4284.24;4283.55;69;11;5;5;95;2026.09.24 09:25:00;6;62;;;;;
ENTRY;2026.09.24 09:26:01;c;buy;358;0;4283.98;4283.44;4283.99;55;-148;242;137;421;4283.71;4284.32;4282.75;4283.3;4286.35;4282.75;4286.35;4280.27;4291.08;4277.43;3481;3458;;;;;;;;;;;;;;;;;;;;;;;;;;;;;
NANPIN;2026.09.24 09:27:01;c;sell;355;1;4284.58;4284.58;4285.11;53;;;;;;;;;;;;;;;;;4282.56;2026.09.24 09:20:01;420;1.5;202;379;2026.09.24 09:22:00;4286.35;4282.44;177;2026.09.24 09:27:01;0;;;;;;;;;;;;;;;;;
BASKET_CLOSE;2026.09.24 09:27:03;c;buy;358;;;;;;;;;;;;;;;;;;;;;;;;;;;;;;;;;;1;0.1;4283.98;4284.57;59;9;62;62;104;2026.09.24 09:27:00;3;146;2026.09.24 09:27:00;-60;;;
NANPIN;2026.09.24 09:28:06;a;buy;356;1;4284.04;4283.49;4284.04;55;;;;;;;;;;;;;;;;;4286.04;2026.09.24 09:21:05;421;1.5;200;409;2026.09.24 09:28:00;4286.35;4281.42;209;2026.09.24 09:28:05;1;;;;;;;;;;;;;;;;;
BASKET_CLOSE;2026.09.24 09:28:56;c;sell;355;;;;;;;;;;;;;;;;;;;;;;;;;;;;;;;;;;2;0.25;4283.772;4282.44;133.2;51;115;535;182.2;2026.09.24 09:28:00;56;177.8;2026.09.24 09:28:00;-65.8;;;
ENTRY;2026.09.24 09:30:01;a;sell;359;0;4281.81;4281.82;4282.37;55;-185;-92;-372;-11;4281.53;4282.37;4281.23;4281.99;4285.02;4281.23;4286.35;4280.27;4291.08;4277.43;1792;700;;;;;;;;;;;;;;;;;;;;;;;;;;;;;
BASKET_CLOSE;2026.09.24 09:30:34;a;sell;359;;;;;;;;;;;;;;;;;;;;;;;;;;;;;;;;;;1;0.1;4281.81;4281.12;69;11;33;33;95;2026.09.24 09:30:00;34;135;;;;;
ENTRY;2026.09.24 09:32:00;c;sell;360;0;4282.14;4282.15;4282.69;54;16;-240;-197;22;4282.38;4283.33;4282.16;4282.21;4285.02;4280.31;4286.35;4280.31;4290.25;4277.43;719;184;;;;;;;;;;;;;;;;;;;;;;;;;;;;;
ENTRY;2026.09.24 09:33:01;b;buy;361;0;4282.76;4282.26;4282.81;55;-15;-366;-108;33;4282.16;4283.29;4281.91;4282.29;4283.9;4280.31;4286.35;4280.31;4290.25;4277.43;901;852;;;;;;;;;;;;;;;;;;;;;;;;;;;;;
BASKET_CLOSE;2026.09.24 09:33:24;c;sell;360;;;;;;;;;;;;;;;;;;;;;;;;;;;;;;;;;;1;0.1;4282.14;4281.23;91;14;84;84;100;2026.09.24 09:33:00;24;169;2026.09.24 09:33:00;-67;;;
ENTRY;2026.09.24 09:34:00;b;sell;362;0;4280.71;4280.71;4281.26;55;-150;-421;-122;-122;4282.27;4282.27;4280.6;4280.74;4283.33;4280.31;4286.35;4280.31;4287.38;4277.43;539;534;;;;;;;;;;;;;;;;;;;;;;;;;;;;;
NANPIN;2026.09.24 09:35:08;a;buy;356;2;4281.31;4280.79;4281.34;55;;;;;;;;;;;;;;;;;4284.04;2026.09.24 09:28:06;422;1.533;273;441;2026.09.24 09:35:00;4283.9;4279.08;168;2026.09.24 09:35:06;2;;;;;;;;;;;;;;;;;
BASKET_CLOSE;2026.09.24 09:35:57;b;sell;362;;;;;;;;;;;;;;;;;;;;;;;;;;;;;;;;;;1;0.1;4280.71;4280.09;62;10;117;117;108;2026.09.24 09:35:00;57;228;2026.09.24 09:35:00;-138;;;
NANPIN;2026.09.24 09:40:01;b;buy;361;1;4280.66;4280.12;4280.66;54;;;;;;;;;;;;;;;;;4282.76;2026.09.24 09:33:01;420;1.5;210;712;2026.09.24 09:37:00;4282.44;4275.09;502;2026.09.24 09:40:01;0;;;;;;;;;;;;;;;;;
NANPIN;2026.09.24 09:43:18;a;buy;356;3;4278.65;4278.16;4278.71;55;;;;;;;;;;;;;;;;;4281.31;2026.09.24 09:35:08;490;1.478;266;567;2026.09.24 09:37:00;4281.54;4275.09;301;2026.09.24 09:42:08;70;;;;;;;;;;;;;;;;;
ENTRY;2026.09.24 09:46:01;b;sell;363;0;4276.64;4276.62;4277.17;55;-183;-246;-773;-537;4277.75;4277.95;4276.52;4276.52;4279.41;4276.52;4283.33;4275.09;4286.51;4275.09;721;604;;;;;;;;;;;;;;;;;;;;;;;;;;;;;
BASKET_CLOSE;2026.09.24 09:46:18;b;sell;363;;;;;;;;;;;;;;;;;;;;;;;;;;;;;;;;;;1;0.1;4276.64;4275.86;78;12;17;17;137;2026.09.24 09:46:00;18;59;2026.09.24 09:46:00;-59;;;
NANPIN;2026.09.24 09:50:31;a;buy;356;4;4277.02;4276.56;4277.1;54;;;;;;;;;;;;;;;;;4278.65;2026.09.24 09:43:18;433;1.5;163;393;2026.09.24 09:49:00;4279.26;4274.17;230;2026.09.24 09:50:18;13;;;;;;;;;;;;;;;;;
NANPIN;2026.09.24 09:50:32;b;buy;361;2;4277.43;4276.88;4277.43;55;;;;;;;;;;;;;;;;;4280.66;2026.09.24 09:40:01;631;1.533;323;595;2026.09.24 09:49:00;4280.19;4274.17;272;2026.09.24 09:47:01;211;;;;;;;;;;;;;;;;;
ENTRY;2026.09.24 09:58:01;c;buy;364;0;4278.22;4277.85;4278.39;54;-9;314;-104;-414;4276.74;4277.87;4276.43;4277.58;4278.04;4276.08;4279.26;4274.17;4286.51;4274.17;1920;1858;;;;;;;;;;;;;;;;;;;;;;;;;;;;;
ENTRY;2026.09.24 10:00:01;b;sell;365;0;4276.6;4276.77;4277.31;54;-81;135;-230;-93;4276.94;4277.05;4275.99;4276.16;4278.04;4275.99;4278.04;4274.17;4286.51;4274.17;840;823;;;;;;;;;;;;;;;;;;;;;;;;;;;;;
BASKET_CLOSE;2026.09.24 10:00:28;b;sell;365;;;;;;;;;;;;;;;;;;;;;;;;;;;;;;;;;;1;0.1;4276.6;4275.83;77;12;27;27;115;2026.09.24 10:00:00;28;139;2026.09.24 10:00:00;-139;;;
BASKET_CLOSE;2026.09.24 10:04:19;c;buy;364;;;;;;;;;;;;;;;;;;;;;;;;;;;;;;;;;;1;0.1;4278.22;4278.91;69;11;378;378;210;2026.09.24 10:04:00;19;424;2026.09.24 10:04:00;-27;;;
ENTRY;2026.09.24 10:04:40;a;sell;366;0;4279.72;4279.72;4280.27;55;381;241;202;202;4275.18;4278.58;4275.11;4278.32;4278.58;4273.98;4278.58;4273.98;4286.51;4273.98;2079;2046;;;;;;;;;;;;;;;;;;;;;;;;;;;;;
BASKET_CLOSE;2026.09.24 10:05:33;a;buy;356;;;;;;;;;;;;;;;;;;;;;;;;;;;;;;;;;;5;1.33;4279.648;4281.362;171.4;348;902;2668;291.2;2026.09.24 10:05:00;33;566.8;2026.09.24 10:05:00;-37.8;;;
ENTRY;2026.09.24 10:05:34;a;buy;367;0;4281.65;4281.11;4281.66;55;595;430;459;341;4278.24;4280.32;4277.95;4279.85;4280.32;4273.98;4280.32;4273.98;4286.51;4273.98;2669;2668;;;;;;;;;;;;;;;;;;;;;;;;;;;;;
BASKET_CLOSE;2026.09.24 10:05:35;b;buy;361;;;;;;;;;;;;;;;;;;;;;;;;;;;;;;;;;;3;0.48;4279.55;4281.16;161;124;903;1954;301;2026.09.24 10:05:00;35;557;2026.09.24 10:05:00;-28;;;
BASKET_CLOSE;2026.09.24 10:06:04;a;buy;367;;;;;;;;;;;;;;;;;;;;;;;;;;;;;;;;;;1;0.1;4281.65;4282.53;88;14;30;30;316;2026.09.24 10:06:00;4;238;2026.09.24 10:06:00;35;;;
NANPIN;2026.09.24 10:11:42;a;sell;366;1;4282.15;4282.1;4282.64;54;;;;;;;;;;;;;;;;;4279.72;2026.09.24 10:04:40;422;1.5;243;509;2026.09.24 10:06:00;4284.81;4277.95;266;2026.09.24 10:11:40;2;;;;;;;;;;;;;;;;;
NANPIN;2026.09.24 10:18:44;a;sell;366;2;4285.54;4285.77;4286.3;53;;;;;;;;;;;;;;;;;4282.15;2026.09.24 10:11:42;422;1.533;339;551;2026.09.24 10:16:00;4287.66;4281.34;212;2026.09.24 10:18:42;2;;;;;;;;;;;;;;;;;
BASKET_CLOSE;2026.09.24 10:22:56;a;sell;366;;;;;;;;;;;;;;;;;;;;;;;;;;;;;;;;;;3;0.48;4283.268;4282.023;124.5;96;252;1096;157.8;2026.09.24 10:22:00;56;418.2;2026.09.24 10:22:00;-127.2;;;
ENTRY;2026.09.24 12:41:01;b;buy;368;0;4257.84;4257.28;4257.83;55;84;37;-508;-575;4257.25;4257.78;4256.3;4257.51;4259.34;4255.43;4263.38;4254.24;4270.25;4254.24;11280;9326;;;;;;;;;;;;;;;;;;;;;;;;;;;;;
ENTRY;2026.09.24 12:42:01;c;buy;369;0;4255.69;4254.69;4255.24;55;-258;-398;-677;-834;4257.33;4257.37;4254.39;4255.1;4258.27;4254.39;4261.65;4254.24;4270.25;4254.24;9840;9462;;;;;;;;;;;;;;;;;;;;;;;;;;;;;
ENTRY;2026.09.24 12:42:02;b;sell;370;0;4255.14;4254.92;4255.47;55;-235;-375;-654;-811;4257.33;4257.37;4254.39;4255.1;4258.27;4254.39;4261.65;4254.24;4270.25;4254.24;9721;9694;;;;;;;;;;;;;;;;;;;;;;;;;;;;;
BASKET_CLOSE;2026.09.24 12:42:06;b;sell;370;;;;;;;;;;;;;;;;;;;;;;;;;;;;;;;;;;1;0.1;4255.14;4254.59;55;9;4;4;126;2026.09.24 12:42:00;6;55;2026.09.24 12:42:00;-55;;;
ENTRY;2026.09.24 12:43:01;c;sell;371;0;4254.29;4254.28;4254.82;54;-323;-538;-837;-875;4255.14;4255.14;4253.33;4254.24;4257.78;4253.33;4260.16;4253.33;4270.25;4253.33;11461;11377;;;;;;;;;;;;;;;;;;;;;;;;;;;;;
BASKET_CLOSE;2026.09.24 12:43:22;c;sell;371;;;;;;;;;;;;;;;;;;;;;;;;;;;;;;;;;;1;0.1;4254.29;4253.47;82;13;21;21;246;2026.09.24 12:43:00;22;61;2026.09.24 12:43:00;-61;;;
NANPIN;2026.09.24 12:48:01;b;buy;368;1;4254.08;4253.53;4254.08;55;;;;;;;;;;;;;;;;;4257.84;2026.09.24 12:41:01;420;1.5;376;677;2026.09.24 12:44:00;4257.37;4250.52;301;2026.09.24 12:48:01;0;;;;;;;;;;;;;;;;;
NANPIN;2026.09.24 12:49:03;c;buy;369;1;4253.85;4253.77;4254.32;55;;;;;;;;;;;;;;;;;4255.69;2026.09.24 12:42:01;422;1.5;184;462;2026.09.24 12:44:00;4255.63;4250.52;278;2026.09.24 12:49:01;2;;;;;;;;;;;;;;;;;
ENTRY;2026.09.24 12:50:01;b;sell;372;0;4252.75;4252.75;4253.3;55;-86;-452;-416;-271;4253.11;4253.86;4252.67;4252.74;4255.63;4251.8;4259.34;4250.52;4268.15;4250.52;479;475;;;;;;;;;;;;;;;;;;;;;;;;;;;;;
BASKET_CLOSE;2026.09.24 12:51:10;c;buy;369;;;;;;;;;;;;;;;;;;;;;;;;;;;;;;;;;;2;0.25;4254.586;4256.065;147.9;58;127;549;153.4;2026.09.24 12:51:00;10;191.6;2026.09.24 12:50:00;-188.6;;;
ENTRY;2026.09.24 12:56:00;c;buy;373;0;4255.49;4254.9;4255.45;55;34;272;-336;-56;4253.52;4255.65;4253.49;4255;4256.12;4252.4;4257.37;4250.52;4267.11;4250.52;839;290;;;;;;;;;;;;;;;;;;;;;;;;;;;;;
NANPIN;2026.09.24 12:57:01;b;sell;372;1;4254.53;4254.53;4255.08;55;;;;;;;;;;;;;;;;;4252.75;2026.09.24 12:50:01;420;1.5;178;337;2026.09.24 12:51:00;4256.12;4252.4;159;2026.09.24 12:57:01;0;;;;;;;;;;;;;;;;;
BASKET_CLOSE;2026.09.24 13:00:27;c;buy;373;;;;;;;;;;;;;;;;;;;;;;;;;;;;;;;;;;1;0.1;4255.49;4256.25;76;12;267;267;254;2026.09.24 13:00:00;27;222;2026.09.24 13:00:00;-107;;;
BASKET_CLOSE;2026.09.24 13:00:32;b;buy;368;;;;;;;;;;;;;;;;;;;;;;;;;;;;;;;;;;2;0.25;4255.584;4257;141.6;70;751;1171;244.6;2026.09.24 13:00:00;32;318.4;2026.09.24 13:00:00;-116.4;;;close_missing
NANPIN;2026.09.24 13:04:03;b;sell;372;2;4255.84;4255.84;4256.39;55;;;;;;;;;;;;;;;;;4254.53;2026.09.24 12:57:01;422;1.533;131;455;2026.09.24 13:01:00;4259.08;4253.27;324;2026.09.24 13:04:01;2;;;;;;;;;;;;;;;;;
BASKET_CLOSE;2026.09.24 13:05:03;b;sell;372;;;;;;;;;;;;;;;;;;;;;;;;;;;;;;;;;;3;0.48;4254.787;4253.43;135.7;103;60;902;281.7;2026.09.24 13:05:00;3;209.3;2026.09.24 13:05:00;83.7;;;
ENTRY;2026.09.24 13:07:00;c;sell;374;0;4250.43;4250.43;4250.98;55;-299;-454;-318;-143;4251.99;4252.97;4250.31;4250.31;4257.68;4250.31;4259.08;4250.31;4265.27;4250.31;1439;1418;;;;;;;;;;;;;;;;;;;;;;;;;;;;;
ENTRY;2026.09.24 13:14:01;b;sell;375;0;4251.28;4251.39;4251.94;55;-397;-381;-210;-47;4254.65;4254.72;4251.61;4251.61;4257.31;4251.61;4259.08;4250.03;4265.27;4250.03;1440;538;;;;;;;;;;;;;;;;;;;;;;;;;;;;;
NANPIN;2026.09.24 13:14:02;c;sell;374;1;4251.53;4251.56;4252.11;55;;;;;;;;;;;;;;;;;4250.43;2026.09.24 13:07:00;422;1.5;110;688;2026.09.24 13:11:00;4257.31;4250.03;578;2026.09.24 13:14:00;2;;;;;;;;;;;;;;;;;
ENTRY;2026.09.24 13:17:01;c;buy;376;0;4255.04;4254.54;4255.1;56;238;423;34;-74;4251.41;4254.73;4250.54;4254.69;4255.82;4250.13;4257.68;4250.03;4265.01;4250.03;1261;994;;;;;;;;;;;;;;;;;;;;;;;;;;;;;
ENTRY;2026.09.24 13:17:02;b;buy;377;0;4255.19;4254.39;4254.95;56;223;408;19;-89;4251.41;4254.73;4250.54;4254.69;4255.82;4250.13;4257.68;4250.03;4265.01;4250.03;2161;990;;;;;;;;;;;;;;;;;;;;;;;;;;;;;
BASKET_CLOSE;2026.09.24 13:18:47;b;sell;375;;;;;;;;;;;;;;;;;;;;;;;;;;;;;;;;;;1;0.1;4251.28;4250.1;118;19;286;286;162;2026.09.24 13:18:00;47;414;2026.09.24 13:18:00;-130;;;
ENTRY;2026.09.24 13:19:02;b;sell;378;0;4249.51;4249.78;4250.33;55;-491;-314;-550;-550;4251.21;4252.03;4249.11;4249.64;4254.87;4249.11;4257.31;4249.11;4265.01;4249.11;301;15;;;;;;;;;;;;;;;;;;;;;;;;;;;;;
BASKET_CLOSE;2026.09.24 13:21:00;c;sell;374;;;;;;;;;;;;;;;;;;;;;;;;;;;;;;;;;;2;0.25;4251.09;;;;418;840;;;;;;;;;close_not_logged
ENTRY;2026.09.24 13:21:01;c;sell;379;0;4251.07;4251.09;4251.64;55;145;-430;-622;-419;4251.69;4253.07;4251.14;4251.28;4254.87;4249.11;4257.31;4249.11;4265.01;4249.11;841;2259;;;;;;;;;;;;;;;;;;;;;;;;;;;;;
BASKET_CLOSE;2026.09.24 13:21:05;c;sell;379;;;;;;;;;;;;;;;;;;;;;;;;;;;;;;;;;;1;0.1;4251.07;4250.2;87;14;4;4;215;2026.09.24 13:21:00;5;72;2026.09.24 13:21:00;-72;;;
BASKET_CLOSE;2026.09.24 13:23:15;b;sell;378;;;;;;;;;;;;;;;;;;;;;;;;;;;;;;;;;;1;0.1;4249.51;4248.84;67;11;253;253;150;2026.09.24 13:23:00;15;411;2026.09.24 13:23:00;-29;;;
NANPIN;2026.09.24 13:24:04;b;buy;377;1;4248.18;4247.84;4248.39;55;;;;;;;;;;;;;;;;;4255.19;2026.09.24 13:17:02;422;1.5;701;723;2026.09.24 13:24:00;4254.87;4247.4;22;2026.09.24 13:24:02;2;;;;;;;;;;;;;;;;;
NANPIN;2026.09.24 13:24:04;c;buy;376;1;4248.18;4247.61;4248.16;55;;;;;;;;;;;;;;;;;4255.04;2026.09.24 13:17:01;423;1.5;686;708;2026.09.24 13:24:00;4254.87;4247.4;22;2026.09.24 13:24:01;3;;;;;;;;;;;;;;;;;
BASKET_CLOSE;2026.09.24 13:28:34;b;buy;377;;;;;;;;;;;;;;;;;;;;;;;;;;;;;;;;;;2;0.25;4250.984;4251.375;39.1;16;270;692;114.6;2026.09.24 13:28:00;34;543.4;2026.09.24 13:28:00;-290.4;;;
BASKET_CLOSE;2026.09.24 13:28:35;c;buy;376;;;;;;;;;;;;;;;;;;;;;;;;;;;;;;;;;;2;0.25;4250.924;4251.125;20.1;8;271;694;120.6;2026.09.24 13:28:00;35;537.4;2026.09.24 13:28:00;-284.4;;;
ENTRY;2026.09.24 13:30:01;b;sell;380;0;4245.69;4245.79;4246.34;55;-427;-587;-960;-637;4248.92;4249.04;4244.77;4245.66;4252.13;4244.77;4254.87;4244.77;4260.16;4244.77;659;406;;;;;;;;;;;;;;;;;;;;;;;;;;;;;
BASKET_CLOSE;2026.09.24 13:30:46;b;sell;380;;;;;;;;;;;;;;;;;;;;;;;;;;;;;;;;;;1;0.1;4245.69;4245.21;48;8;45;45;101;2026.09.24 13:30:00;46;147;2026.09.24 13:30:00;-147;;;
ENTRY;2026.09.24 13:33:01;b;buy;381;0;4252.13;4251.59;4252.13;54;652;234;-2;-57;4248.65;4251.77;4248.5;4251.52;4252.13;4244.13;4253.07;4244.13;4259.85;4244.13;959;267;;;;;;;;;;;;;;;;;;;;;;;;;;;;;
BASKET_CLOSE;2026.09.24 13:33:22;b;buy;381;;;;;;;;;;;;;;;;;;;;;;;;;;;;;;;;;;1;0.1;4252.13;4252.93;80;13;21;21;169;2026.09.24 13:33:00;22;68;2026.09.24 13:33:00;-68;;;
ENTRY;2026.09.24 13:35:01;c;buy;382;0;4253.91;4253.48;4254.03;55;196;584;213;132;4252.27;4254.15;4252.21;4253.83;4254.15;4244.13;4254.15;4244.13;4259.34;4244.13;1080;386;;;;;;;;;;;;;;;;;;;;;;;;;;;;;
BASKET_CLOSE;2026.09.24 13:35:08;c;buy;382;;;;;;;;;;;;;;;;;;;;;;;;;;;;;;;;;;1;0.1;4253.91;4254.77;86;14;7;7;349;2026.09.24 13:35:00;8;57;2026.09.24 13:35:00;-57;;;
ENTRY;2026.09.24 13:48:01;b;buy;383;0;4259.82;4259.27;4259.82;55;151;-56;1014;1361;4259.41;4260.17;4259.28;4259.5;4261.27;4257.62;4262.26;4251.45;4262.26;4244.13;900;879;;;;;;;;;;;;;;;;;;;;;;;;;;;;;
BASKET_CLOSE;2026.09.24 13:49:24;b;buy;383;;;;;;;;;;;;;;;;;;;;;;;;;;;;;;;;;;1;0.1;4259.82;4262.99;317;50;83;83;419;2026.09.24 13:49:00;24;119;2026.09.24 13:49:00;-38;;;
ENTRY;2026.09.24 13:51:01;c;sell;384;0;4261.19;4261.11;4261.66;55;161;41;1257;1545;4262.35;4263.59;4260.96;4261.23;4264.01;4257.64;4264.01;4256.94;4264.01;4244.13;1800;1801;;;;;;;;;;;;;;;;;;;;;;;;;;;;;
BASKET_CLOSE;2026.09.24 13:51:11;c;sell;384;;;;;;;;;;;;;;;;;;;;;;;;;;;;;;;;;;1;0.1;4261.19;4260.52;67;11;10;10;219;2026.09.24 13:51:00;11;57;2026.09.24 13:51:00;-57;;;
ENTRY;2026.09.24 13:52:01;b;sell;385;0;4259.08;4259.11;4259.65;54;-337;-157;759;1345;4261.2;4261.21;4258.45;4259.1;4264.01;4258.45;4264.01;4257.62;4264.01;4244.13;1320;1275;;;;;;;;;;;;;;;;;;;;;;;;;;;;;
BASKET_CLOSE;2026.09.24 13:52:51;b;sell;385;;;;;;;;;;;;;;;;;;;;;;;;;;;;;;;;;;1;0.1;4259.08;4258.66;42;7;50;50;74;2026.09.24 13:52:00;51;65;;;;;
ENTRY;2026.09.24 13:58:01;c;buy;386;0;4258.92;4258.41;4258.94;53;148;-109;-233;1275;4256.69;4258.69;4256.46;4258.44;4259.01;4255.8;4264.01;4255.8;4264.01;4244.13;1380;1373;;;;;;;;;;;;;;;;;;;;;;;;;;;;;
BASKET_CLOSE;2026.09.24 13:58:18;c;buy;386;;;;;;;;;;;;;;;;;;;;;;;;;;;;;;;;;;1;0.1;4258.92;4259.66;74;12;17;17;81;2026.09.24 13:58:00;18;71;;;;;
ENTRY;2026.09.24 14:03:01;b;sell;387;0;4258.03;4258.11;4258.66;55;-57;-51;-86;-2;4258.72;4258.72;4257.66;4258.23;4260.48;4257.1;4264.01;4255.8;4264.01;4244.13;660;610;;;;;;;;;;;;;;;;;;;;;;;;;;;;;
BASKET_CLOSE;2026.09.24 14:03:25;b;sell;387;;;;;;;;;;;;;;;;;;;;;;;;;;;;;;;;;;1;0.1;4258.03;4257.36;67;11;24;24;92;2026.09.24 14:03:00;25;66;;;;;
ENTRY;2026.09.24 14:07:00;c;buy;388;0;4256.94;4256.39;4256.94;55;51;-24;-311;-174;4256.09;4256.68;4255.8;4256.45;4258.72;4255.35;4260.48;4255.35;4264.01;4244.13;539;522;;;;;;;;;;;;;;;;;;;;;;;;;;;;;
ENTRY;2026.09.24 14:08:01;c;sell;389;0;4255.44;4255.91;4256.46;55;-13;-253;-359;-222;4256.44;4256.6;4255.3;4255.43;4258.14;4255.3;4260.48;4255.3;4264.01;4244.13;1020;1010;;;;;;;;;;;;;;;;;;;;;;;;;;;;;
BASKET_CLOSE;2026.09.24 14:08:50;c;sell;389;;;;;;;;;;;;;;;;;;;;;;;;;;;;;;;;;;1;0.1;4255.44;4254.77;67;11;49;49;291;2026.09.24 14:08:00;50;143;2026.09.24 14:08:00;-143;;;
ENTRY;2026.09.24 14:11:01;b;buy;390;0;4256.84;4256.26;4256.81;55;405;-242;-284;-187;4254.9;4256.46;4254.72;4256.11;4256.68;4251.79;4260.48;4251.79;4264.01;4244.13;1380;1297;;;;;;;;;;;;;;;;;;;;;;;;;;;;;
BASKET_CLOSE;2026.09.24 14:14:03;c;buy;388;;;;;;;;;;;;;;;;;;;;;;;;;;;;;;;;;;1;0.1;4256.94;4257.25;31;5;423;423;226;2026.09.24 14:14:00;3;515;2026.09.24 14:14:00;-55;;;
BASKET_CLOSE;2026.09.24 14:14:05;b;buy;390;;;;;;;;;;;;;;;;;;;;;;;;;;;;;;;;;;1;0.1;4256.84;4257.58;74;12;184;184;236;2026.09.24 14:14:00;5;267;2026.09.24 14:14:00;-45;;;
ENTRY;2026.09.24 14:17:01;c;buy;391;0;4263.71;4262.91;4263.44;53;417;646;447;470;4261.54;4263.81;4260.28;4263.07;4263.81;4254.17;4263.81;4251.79;4264.01;4244.13;601;178;;;;;;;;;;;;;;;;;;;;;;;;;;;;;
ENTRY;2026.09.24 14:19:02;b;sell;392;0;4260.25;4260.51;4261.06;55;-256;830;230;230;4258.76;4260.31;4258.3;4260.16;4263.81;4256.39;4263.81;4251.79;4264.01;4244.13;961;937;;;;;;;;;;;;;;;;;;;;;;;;;;;;;
BASKET_CLOSE;2026.09.24 14:20:30;c;buy;391;;;;;;;;;;;;;;;;;;;;;;;;;;;;;;;;;;1;0.1;4263.71;4264.62;91;14;209;209;243;2026.09.24 14:20:00;30;552;2026.09.24 14:20:00;-233;;;
ENTRY;2026.09.24 14:21:00;b;buy;393;0;4266.39;4265.84;4266.39;55;568;973;723;763;4261.52;4266.14;4261.38;4265.96;4266.14;4258.19;4266.14;4251.79;4266.14;4244.13;599;415;;;;;;;;;;;;;;;;;;;;;;;;;;;;;
BASKET_CLOSE;2026.09.24 14:22:30;b;buy;393;;;;;;;;;;;;;;;;;;;;;;;;;;;;;;;;;;1;0.1;4266.39;4267.04;65;10;90;90;139;2026.09.24 14:22:00;30;217;2026.09.24 14:22:00;-187;;;
NANPIN;2026.09.24 14:26:01;b;sell;392;1;4265.02;4265.2;4265.75;55;;;;;;;;;;;;;;;;;4260.25;2026.09.24 14:19:02;419;1.5;477;753;2026.09.24 14:22:00;4267.78;4260.18;276;2026.09.24 14:26:02;0;;;;;;;;;;;;;;;;;
BASKET_CLOSE;2026.09.24 14:34:01;b;sell;392;;;;;;;;;;;;;;;;;;;;;;;;;;;;;;;;;;2;0.25;4263.112;4262.65;46.2;18;480;899;154.2;2026.09.24 14:34:00;1;513.8;2026.09.24 14:33:00;-28.8;;;
ENTRY;2026.09.24 18:41:01;c;buy;394;0;4252.9;4252.33;4252.88;55;-44;354;-85;539;4253.61;4253.83;4252.02;4252.46;4253.83;4248.31;4253.83;4246.16;4261.87;4244.48;15840;15631;;;;;;;;;;;;;;;;;;;;;;;;;;;;;
BASKET_CLOSE;2026.09.24 18:41:17;c;buy;394;;;;;;;;;;;;;;;;;;;;;;;;;;;;;;;;;;1;0.1;4252.9;4253.66;76;12;16;16;141;2026.09.24 18:41:00;17;72;2026.09.24 18:41:00;-72;;;
ENTRY;2026.09.24 18:48:01;b;sell;395;0;4255.69;4255.42;4255.97;55;6;407;594;526;4254.04;4256.77;4254.04;4255.55;4256.77;4252.82;4256.77;4246.58;4261.87;4244.48;16139;15240;;;;;;;;;;;;;;;;;;;;;;;;;;;;;
BASKET_CLOSE;2026.09.24 18:49:00;b;sell;395;;;;;;;;;;;;;;;;;;;;;;;;;;;;;;;;;;1;0.1;4255.69;;;;59;59;;;;;;;;;close_not_logged
ENTRY;2026.09.24 18:49:01;b;buy;396;0;4255.54;4254.92;4255.47;55;113;215;476;476;4255.59;4255.86;4254.56;4254.7;4256.77;4253.28;4256.77;4246.58;4261.87;4244.48;16081;15991;;;;;;;;;;;;;;;;;;;;;;;;;;;;;
BASKET_CLOSE;2026.09.24 18:49:48;b;buy;396;;;;;;;;;;;;;;;;;;;;;;;;;;;;;;;;;;1;0.1;4255.54;4256.41;87;14;47;47;90;2026.09.24 18:49:00;48;190;;;;;
ENTRY;2026.09.24 21:33:00;b;sell;397;0;4272.3;4272.3;4272.83;53;-328;457;294;283;4273.87;4273.89;4272.08;4272.17;4276.63;4272.08;4276.63;4266.78;4276.63;4255.98;9899;9840;;;;;;;;;;;;;;;;;;;;;;;;;;;;;
BASKET_CLOSE;2026.09.24 21:34:45;b;sell;397;;;;;;;;;;;;;;;;;;;;;;;;;;;;;;;;;;1;0.1;4272.3;4270.62;168;27;105;105;185;2026.09.24 21:34:00;45;174;2026.09.24 21:34:00;-34;;;
ENTRY;2026.09.24 21:39:20;c;sell;398;0;4278.39;4279.42;4279.99;57;1180;576;1061;995;4269.01;4277.49;4269.01;4277.3;4277.49;4267.39;4277.49;4267.39;4277.49;4255.98;27079;27030;;;;;;;;;;;;;;;;;;;;;;;;;;;;;
BASKET_CLOSE;2026.09.24 21:39:57;c;sell;398;;;;;;;;;;;;;;;;;;;;;;;;;;;;;;;;;;1;0.1;4278.39;4277.65;74;12;37;37;91;2026.09.24 21:39:00;57;339;;;;;
ENTRY;2026.09.24 21:46:02;c;buy;399;0;4271.61;4270.96;4271.5;54;2;294;-241;-326;4271.23;4272.26;4270.43;4271.15;4274.68;4269.57;4281.21;4267.39;4281.21;4255.98;11101;11085;;;;;;;;;;;;;;;;;;;;;;;;;;;;;
BASKET_CLOSE;2026.09.24 21:49:43;c;buy;399;;;;;;;;;;;;;;;;;;;;;;;;;;;;;;;;;;1;0.1;4271.61;4272.32;71;11;221;221;85;2026.09.24 21:49:00;43;150;;;;;
ENTRY;2026.09.24 21:50:00;b;buy;400;0;4272.92;4272.31;4272.86;55;198;-494;-327;-191;4271.86;4272.46;4271.1;4272.41;4272.46;4270.11;4281.21;4267.39;4281.21;4255.98;10859;10812;;;;;;;;;;;;;;;;;;;;;;;;;;;;;
BASKET_CLOSE;2026.09.24 21:50:42;b;buy;400;;;;;;;;;;;;;;;;;;;;;;;;;;;;;;;;;;1;0.1;4272.92;4273.59;67;11;42;42;374;2026.09.24 21:50:00;42;93;2026.09.24 21:50:00;-93;;;
ENTRY;2026.09.24 21:51:01;c;sell;401;0;4276.14;4276.07;4276.62;55;420;253;221;185;4272.39;4276.66;4271.99;4276.31;4276.66;4270.11;4281.21;4267.39;4281.21;4255.98;701;664;;;;;;;;;;;;;;;;;;;;;;;;;;;;;
BASKET_CLOSE;2026.09.24 21:51:07;c;sell;401;;;;;;;;;;;;;;;;;;;;;;;;;;;;;;;;;;1;0.1;4276.14;4275.27;87;14;6;6;265;2026.09.24 21:51:00;7;72;2026.09.24 21:51:00;-72;;;
ENTRY;2026.09.24 21:54:01;b;sell;402;0;4272.96;4273.17;4273.72;55;-113;223;307;-105;4274.57;4274.57;4272.9;4272.98;4276.66;4271.1;4281.21;4269.57;4281.21;4255.98;1261;1156;;;;;;;;;;;;;;;;;;;;;;;;;;;;;
BASKET_CLOSE;2026.09.24 21:59:39;b;sell;402;;;;;;;;;;;;;;;;;;;;;;;;;;;;;;;;;;1;0.1;4272.96;4271.98;98;16;338;338;131;2026.09.24 21:59:00;39;219;2026.09.24 21:59:00;-103;;;
ENTRY;2026.09.24 22:02:01;c;sell;403;0;4269.63;4269.73;4270.27;54;-183;-457;-234;-149;4271.55;4272.08;4267.97;4269.46;4274.58;4267.97;4276.66;4267.97;4281.21;4255.98;660;654;;;;;;;;;;;;;;;;;;;;;;;;;;;;;
BASKET_CLOSE;2026.09.24 22:02:48;c;sell;403;;;;;;;;;;;;;;;;;;;;;;;;;;;;;;;;;;1;0.1;4269.63;4268.78;85;14;47;47;105;2026.09.24 22:02:00;48;120;2026.09.24 22:02:00;-120;;;
ENTRY;2026.09.24 22:07:00;b;buy;404;0;4269.57;4269.01;4269.56;55;89;-503;-132;-221;4268.34;4270.15;4268;4269.32;4270.29;4266.64;4275.05;4266.64;4281.21;4260.44;1020;978;;;;;;;;;;;;;;;;;;;;;;;;;;;;;
ENTRY;2026.09.24 22:11:02;b;sell;405;0;4268.16;4268.3;4268.85;55;-117;-322;-600;-292;4269.51;4269.62;4267.93;4268.09;4270.18;4267.93;4274.6;4266.64;4281.21;4264.8;1021;683;;;;;;;;;;;;;;;;;;;;;;;;;;;;;
NANPIN;2026.09.24 22:14:32;b;buy;404;1;4268.28;4267.73;4268.28;55;;;;;;;;;;;;;;;;;4269.57;2026.09.24 22:07:00;452;1.5;129;189;2026.09.24 22:14:00;4270.18;4267.13;60;2026.09.24 22:14:00;32;;;;;;;;;;;;;;;;;
ENTRY;2026.09.24 22:16:01;c;buy;406;0;4269.85;4268.96;4269.52;56;33;65;-508;-260;4267.32;4269.28;4267.32;4269.28;4269.28;4267.13;4272.08;4266.64;4281.21;4266.64;1799;1578;;;;;;;;;;;;;;;;;;;;;;;;;;;;;
BASKET_CLOSE;2026.09.24 22:17:01;b;buy;404;;;;;;;;;;;;;;;;;;;;;;;;;;;;;;;;;;2;0.25;4268.796;4270.175;137.9;55;149;601;196.4;2026.09.24 22:17:00;1;166.6;2026.09.24 22:16:00;10.4;;;
BASKET_CLOSE;2026.09.24 22:17:06;c;buy;406;;;;;;;;;;;;;;;;;;;;;;;;;;;;;;;;;;1;0.1;4269.85;4270.58;73;12;65;65;91;2026.09.24 22:17:00;6;95;;;;;
NANPIN;2026.09.24 22:18:02;b;sell;405;1;4270.32;4270.31;4270.86;55;;;;;;;;;;;;;;;;;4268.16;2026.09.24 22:11:02;420;1.5;216;293;2026.09.24 22:18:00;4271.09;4267.13;77;2026.09.24 22:18:02;0;;;;;;;;;;;;;;;;;
ENTRY;2026.09.24 22:20:01;c;sell;407;0;4270.89;4271.14;4271.69;55;76;158;-38;-42;4270.75;4271.04;4269.55;4270.82;4271.09;4267.32;4271.09;4267.13;4281.21;4266.64;1080;1033;;;;;;;;;;;;;;;;;;;;;;;;;;;;;
BASKET_CLOSE;2026.09.24 22:20:16;c;sell;407;;;;;;;;;;;;;;;;;;;;;;;;;;;;;;;;;;1;0.1;4270.89;4270.19;70;11;15;15;103;2026.09.24 22:20:00;16;106;2026.09.24 22:20:00;-106;;;
ENTRY;2026.09.24 22:23:01;b;buy;408;0;4271.9;4271.33;4271.86;53;202;302;447;-23;4270.87;4271.75;4270.48;4271.4;4271.75;4269.15;4271.75;4267.13;4281.21;4266.64;961;360;;;;;;;;;;;;;;;;;;;;;;;;;;;;;
BASKET_CLOSE;2026.09.24 22:23:51;b;buy;408;;;;;;;;;;;;;;;;;;;;;;;;;;;;;;;;;;1;0.1;4271.9;4272.59;69;11;50;50;103;2026.09.24 22:23:00;51;115;2026.09.24 22:23:00;-115;;;
NANPIN;2026.09.24 22:25:03;b;sell;405;2;4274.22;4274.63;4275.18;55;;;;;;;;;;;;;;;;;4270.32;2026.09.24 22:18:02;421;1.533;390;523;2026.09.24 22:25:00;4275.55;4269.15;133;2026.09.24 22:25:02;1;;;;;;;;;;;;;;;;;
ENTRY;2026.09.24 22:33:01;b;buy;409;0;4272.47;4271.99;4272.55;56;26;59;336;463;4272.5;4272.5;4271.22;4271.76;4273.59;4271.16;4275.55;4269.15;4281.21;4266.64;600;550;;;;;;;;;;;;;;;;;;;;;;;;;;;;;
ENTRY;2026.09.24 22:36:01;c;sell;410;0;4271.91;4272.23;4272.79;56;-18;-289;216;487;4272.6;4272.65;4271.33;4271.83;4272.87;4271.11;4275.55;4269.15;4281.21;4266.64;960;945;;;;;;;;;;;;;;;;;;;;;;;;;;;;;
BASKET_CLOSE;2026.09.24 22:39:00;b;buy;409;;;;;;;;;;;;;;;;;;;;;;;;;;;;;;;;;;1;0.1;4272.47;;;;359;359;;;;;;;;;close_not_logged
ENTRY;2026.09.24 22:42:00;c;buy;411;0;4274.11;4273.57;4274.12;55;-167;109;217;621;4273.7;4274.32;4273.36;4273.45;4275.35;4271.42;4275.35;4271.11;4276.66;4266.64;1559;1494;;;;;;;;;;;;;;;;;;;;;;;;;;;;;
NANPIN;2026.09.24 22:43:02;c;sell;410;1;4274.51;4274.52;4275.07;55;;;;;;;;;;;;;;;;;4271.91;2026.09.24 22:36:01;421;1.5;260;344;2026.09.24 22:40:00;4275.35;4271.42;84;2026.09.24 22:43:01;1;;;;;;;;;;;;;;;;;
BASKET_CLOSE;2026.09.24 22:43:29;c;buy;411;;;;;;;;;;;;;;;;;;;;;;;;;;;;;;;;;;1;0.1;4274.11;4274.84;73;12;89;89;111;2026.09.24 22:43:00;29;78;2026.09.24 22:43:00;-9;;;
NANPIN;2026.09.24 22:47:48;b;sell;405;3;4275.44;4275.35;4275.9;55;;;;;;;;;;;;;;;;;4274.22;2026.09.24 22:25:03;1365;1.478;122;135;2026.09.24 22:47:00;4275.57;4271.11;13;2026.09.24 22:40:00;468;;;;;;;;;;;;;;;;;
ENTRY;2026.09.24 22:48:01;b;buy;412;0;4275.83;4275.31;4275.86;55;185;314;275;347;4274.75;4275.57;4274.57;4275.12;4275.57;4273.07;4275.57;4271.11;4276.66;4266.64;900;541;;;;;;;;;;;;;;;;;;;;;;;;;;;;;
NANPIN;2026.09.24 22:55:29;b;buy;412;1;4274.5;4273.96;4274.51;55;;;;;;;;;;;;;;;;;4275.83;2026.09.24 22:48:01;448;1.5;133;283;2026.09.24 22:50:00;4275.31;4272.45;150;2026.09.24 22:55:01;28;;;;;;;;;;;;;;;;;
NANPIN;2026.09.24 23:02:29;b;buy;412;2;4273.06;4272.52;4273.06;54;;;;;;;;;;;;;;;;;4274.5;2026.09.24 22:55:29;420;1.533;144;232;2026.09.24 23:02:00;4275.04;4271.63;88;2026.09.24 23:02:29;0;;;;;;;;;;;;;;;;;
BASKET_CLOSE;2026.09.24 23:02:56;b;sell;405;;;;;;;;;;;;;;;;;;;;;;;;;;;;;;;;;;4;0.82;4273.273;4272.67;60.3;79;908;3114;109.3;2026.09.24 23:02:00;56;284.7;2026.09.24 23:02:00;-25.7;;;
BASKET_CLOSE;2026.09.24 23:02:58;c;sell;410;;;;;;;;;;;;;;;;;;;;;;;;;;;;;;;;;;2;0.25;4273.47;4272.66;81;32;1196;1617;129;2026.09.24 23:02:00;58;265;2026.09.24 23:02:00;-6;;;
ENTRY;2026.09.24 23:03:00;b;sell;413;0;4271.94;4271.94;4272.48;54;-161;-227;-320;-210;4272.9;4272.98;4271.63;4271.82;4274.41;4271.63;4275.31;4271.63;4275.57;4266.64;3118;3801;;;;;;;;;;;;;;;;;;;;;;;;;;;;;
BASKET_CLOSE;2026.09.24 23:09:21;b;sell;413;;;;;;;;;;;;;;;;;;;;;;;;;;;;;;;;;;1;0.1;4271.94;4271.04;90;14;381;381;138;2026.09.24 23:09:00;21;153;2026.09.24 23:09:00;-35;;;
NANPIN;2026.09.24 23:16:31;b;buy;412;4;4269.51;4268.93;4269.49;56;;;;;;;;;;;;;;;;;4273.06;2026.09.24 23:02:29;842;2.217;355;443;2026.09.24 23:16:00;4272.98;4268.09;88;2026.09.24 23:09:29;422;;;;;;;;;;;;;;;;;leg_missing
NANPIN;2026.09.24 23:23:53;b;buy;412;5;4266.24;4265.67;4266.24;57;;;;;;;;;;;;;;;;;4269.51;2026.09.24 23:16:31;442;1.49;327;449;2026.09.24 23:20:00;4269.38;4264.46;122;2026.09.24 23:23:31;22;;;;;;;;;;;;;;;;;
ENTRY;2026.09.24 23:28:01;b;sell;414;0;4265.26;4265.32;4265.89;57;-128;-94;-616;-832;4265.86;4266.05;4265.14;4265.35;4266.9;4264.58;4271.47;4264.46;4275.57;4264.46;1501;1120;;;;;;;;;;;;;;;;;;;;;;;;;;;;;
ENTRY;2026.09.24 23:32:00;c;buy;415;0;4266.77;4266.23;4266.77;54;72;55;-501;-343;4266.23;4266.45;4265.49;4266.26;4266.5;4264.47;4268.29;4264.46;4275.57;4264.46;3000;2911;;;;;;;;;;;;;;;;;;;;;;;;;;;;;
NANPIN;2026.09.24 23:35:01;b;sell;414;1;4267.06;4267.06;4267.59;53;;;;;;;;;;;;;;;;;4265.26;2026.09.24 23:28:01;420;1.5;180;248;2026.09.24 23:35:00;4267.74;4264.47;68;2026.09.24 23:35:01;0;;;;;;;;;;;;;;;;;
BASKET_CLOSE;2026.09.24 23:35:37;c;buy;415;;;;;;;;;;;;;;;;;;;;;;;;;;;;;;;;;;1;0.1;4266.77;4267.56;79;13;217;217;97;2026.09.24 23:35:00;37;62;;;;;
BASKET_CLOSE;2026.09.24 23:41:37;b;buy;412;;;;;;;;;;;;;;;;;;;;;;;;;;;;;;;;;;5;1.75;4269.345;4270.22;87.5;252;1064;3216;146.5;2026.09.24 23:40:00;97;487.5;2026.09.24 23:40:00;-53.5;;;leg_missing
NANPIN;2026.09.24 23:42:02;b;sell;414;2;4269.78;4269.89;4270.43;54;;;;;;;;;;;;;;;;;4267.06;2026.09.24 23:35:01;421;1.533;272;375;2026.09.24 23:40:00;4270.81;4266.21;103;2026.09.24 23:42:01;1;;;;;;;;;;;;;;;;;
ENTRY;2026.09.24 23:49:00;b;buy;416;0;4271.85;4271.31;4271.85;54;79;310;580;580;4270.8;4271.39;4270.09;4271.23;4272.33;4269.92;4272.33;4266.21;4275.04;4264.46;3659;443;;;;;;;;;;;;;;;;;;;;;;;;;;;;;
NANPIN;2026.09.24 23:49:03;b;sell;414;3;4271.28;4271.24;4271.79;55;;;;;;;;;;;;;;;;;4269.78;2026.09.24 23:42:02;421;1.478;150;255;2026.09.24 23:45:00;4272.33;4269.62;105;2026.09.24 23:49:02;1;;;;;;;;;;;;;;;;;
BASKET_CLOSE;2026.09.24 23:54:34;b;buy;416;;;;;;;;;;;;;;;;;;;;;;;;;;;;;;;;;;1;0.1;4271.85;4272.52;67;11;334;334;110;2026.09.24 23:54:00;34;87;2026.09.24 23:54:00;-23;;;
NANPIN;2026.09.24 23:56:05;b;sell;414;4;4274.14;4274.14;4274.7;56;;;;;;;;;;;;;;;;;4271.28;2026.09.24 23:49:03;422;1.5;286;324;2026.09.24 23:55:00;4274.52;4270.98;38;2026.09.24 23:56:03;2;;;;;;;;;;;;;;;;;
ENTRY;2026.09.25 01:02:00;a;buy;417;0;4275.55;4274.97;4275.67;70;;;;;4274.26;4275.08;4272.91;4274.85;4275.96;4271.29;4275.96;4271.29;4275.96;4271.29;53786;53756;;;;;;;;;;;;;;;;;;;;;;;;;;;;;
ENTRY;2026.09.25 01:02:01;b;buy;418;0;4275.67;4275.2;4275.9;70;;;;;4274.26;4275.08;4272.91;4274.85;4275.96;4271.29;4275.96;4271.29;4275.96;4271.29;4381;4047;;;;;;;;;;;;;;;;;;;;;;;;;;;;;
NANPIN;2026.09.25 01:09:02;a;buy;417;1;4273;4272.44;4273;56;;;;;;;;;;;;;;;;;4275.55;2026.09.25 01:02:00;422;1.5;255;336;2026.09.25 01:09:00;4275.59;4271.49;81;2026.09.25 01:09:00;2;;;;;;;;;;;;;;;;;
NANPIN;2026.09.25 01:09:04;b;buy;418;1;4273;4272.43;4272.99;56;;;;;;;;;;;;;;;;;4275.67;2026.09.25 01:02:01;423;1.5;267;348;2026.09.25 01:09:00;4275.59;4271.49;81;2026.09.25 01:09:01;3;;;;;;;;;;;;;;;;;
ENTRY;2026.09.25 01:15:01;a;sell;419;0;4270.35;4270.35;4270.92;57;-32;-404;;;4270.6;4271.21;4270.09;4270.27;4271.91;4270.09;4275.96;4270.09;4275.96;4270.09;54621;53525;;;;;;;;;;;;;;;;;;;;;;;;;;;;;
NANPIN;2026.09.25 01:16:03;a;buy;417;2;4270.96;4270.39;4270.96;57;;;;;;;;;;;;;;;;;4273;2026.09.25 01:09:02;421;1.533;204;256;2026.09.25 01:16:00;4272.5;4269.88;52;2026.09.25 01:16:02;1;;;;;;;;;;;;;;;;;
NANPIN;2026.09.25 01:16:05;b;buy;418;2;4270.96;4270.36;4270.93;57;;;;;;;;;;;;;;;;;4273;2026.09.25 01:09:04;421;1.533;204;256;2026.09.25 01:16:00;4272.5;4269.88;52;2026.09.25 01:16:04;1;;;;;;;;;;;;;;;;;
BASKET_CLOSE;2026.09.25 01:18:30;b;sell;414;;;;;;;;;;;;;;;;;;;;;;;;;;;;;;;;;;5;1.33;4271.189;4269.926;126.3;307;4945;6629;143.9;2026.09.25 01:18:00;30;533.1;2026.09.25 01:18:00;63.9;;;
BASKET_CLOSE;2026.09.25 01:19:09;a;sell;419;;;;;;;;;;;;;;;;;;;;;;;;;;;;;;;;;;1;0.1;4270.35;4269.7;65;10;248;248;172;2026.09.25 01:19:00;9;102;2026.09.25 01:19:00;49;;;
NANPIN;2026.09.25 01:23:06;a;buy;417;3;4269.39;4268.8;4269.35;55;;;;;;;;;;;;;;;;;4270.96;2026.09.25 01:16:03;423;1.478;157;258;2026.09.25 01:22:00;4270.69;4267.81;101;2026.09.25 01:23:03;3;;;;;;;;;;;;;;;;;
NANPIN;2026.09.25 01:23:08;b;buy;418;3;4269.39;4268.83;4269.39;56;;;;;;;;;;;;;;;;;4270.96;2026.09.25 01:16:05;423;1.478;157;258;2026.09.25 01:22:00;4270.69;4267.81;101;2026.09.25 01:23:05;3;;;;;;;;;;;;;;;;;
ENTRY;2026.09.25 01:30:00;c;buy;420;0;4271.85;4271.29;4271.86;57;48;303;-14;102;4271.49;4271.56;4271.09;4271.14;4271.56;4269.65;4271.56;4267.81;4275.96;4267.81;7080;6863;;;;;;;;;;;;;;;;;;;;;;;;;;;;;
BASKET_CLOSE;2026.09.25 01:30:35;a;buy;417;;;;;;;;;;;;;;;;;;;;;;;;;;;;;;;;;;4;0.82;4271.242;4272.54;129.8;169;449;1715;180.8;2026.09.25 01:30:00;35;287.2;2026.09.25 01:30:00;-31.2;;;
BASKET_CLOSE;2026.09.25 01:30:36;c;buy;420;;;;;;;;;;;;;;;;;;;;;;;;;;;;;;;;;;1;0.1;4271.85;4272.54;69;11;36;36;120;2026.09.25 01:30:00;36;92;2026.09.25 01:30:00;-92;;;
BASKET_CLOSE;2026.09.25 01:30:38;b;buy;418;;;;;;;;;;;;;;;;;;;;;;;;;;;;;;;;;;4;0.82;4271.257;4272.685;142.8;191;450;1717;179.3;2026.09.25 01:30:00;38;288.7;2026.09.25 01:30:00;-32.7;;;
ENTRY;2026.09.25 01:31:00;a;buy;421;0;4272.61;4272.05;4272.61;56;53;303;142;178;4271.22;4273.05;4270.93;4272.14;4273.05;4270.65;4273.05;4267.81;4275.96;4267.81;1740;25;;;;;;;;;;;;;;;;;;;;;;;;;;;;;
ENTRY;2026.09.25 01:33:02;b;sell;422;0;4271.52;4271.53;4272.09;56;-61;260;91;126;4271.34;4271.59;4270.97;4271.5;4273.05;4270.82;4273.05;4267.81;4275.96;4267.81;7501;872;;;;;;;;;;;;;;;;;;;;;;;;;;;;;
ENTRY;2026.09.25 01:34:02;b;buy;423;0;4272.83;4272.15;4272.71;56;82;320;188;188;4271.53;4272.07;4271.33;4272.04;4273.05;4270.93;4273.05;4267.81;4275.96;4267.81;1921;204;;;;;;;;;;;;;;;;;;;;;;;;;;;;;
NANPIN;2026.09.25 01:38:55;a;buy;421;1;4271.11;4270.56;4271.11;55;;;;;;;;;;;;;;;;;4272.61;2026.09.25 01:31:00;475;1.5;150;149;2026.09.25 01:38:00;4272.56;4270.56;-1;2026.09.25 01:38:00;55;;;;;;;;;;;;;;;;;
BASKET_CLOSE;2026.09.25 01:39:17;b;sell;422;;;;;;;;;;;;;;;;;;;;;;;;;;;;;;;;;;1;0.1;4271.52;4270.15;137;22;375;375;204;2026.09.25 01:39:00;17;160;2026.09.25 01:39:00;-15;;;
ENTRY;2026.09.25 01:40:01;a;sell;424;0;4269.65;4269.62;4270.18;56;-184;-152;60;-65;4270.58;4271.11;4268.92;4269.67;4272.11;4268.92;4273.05;4268.92;4275.96;4267.81;1500;1252;;;;;;;;;;;;;;;;;;;;;;;;;;;;;
ENTRY;2026.09.25 01:41:01;c;sell;425;0;4270.64;4270.64;4271.19;55;2;-150;261;37;4269.5;4270.94;4268.59;4270.39;4271.67;4268.59;4273.05;4268.59;4275.96;4267.81;11100;9483;;;;;;;;;;;;;;;;;;;;;;;;;;;;;
NANPIN;2026.09.25 01:41:03;b;buy;423;1;4271.15;4271.08;4271.62;54;;;;;;;;;;;;;;;;;4272.83;2026.09.25 01:34:02;421;1.5;168;368;2026.09.25 01:40:00;4272.56;4268.59;200;2026.09.25 01:41:02;1;;;;;;;;;;;;;;;;;
ENTRY;2026.09.25 01:45:01;b;sell;426;0;4270.84;4270.8;4271.36;56;-91;-120;12;-34;4270.42;4271.33;4270.03;4270.72;4272.28;4268.59;4273.05;4268.59;4275.96;4267.81;719;344;;;;;;;;;;;;;;;;;;;;;;;;;;;;;
NANPIN;2026.09.25 01:47:02;a;sell;424;1;4271.47;4271.47;4272.03;56;;;;;;;;;;;;;;;;;4269.65;2026.09.25 01:40:01;421;1.5;182;263;2026.09.25 01:43:00;4272.28;4268.59;81;2026.09.25 01:47:01;1;;;;;;;;;;;;;;;;;
ENTRY;2026.09.25 01:50:01;c;buy;427;0;4271.74;4271.22;4271.78;56;42;155;-92;8;4271.37;4271.67;4271.06;4271.06;4272.09;4270.73;4272.28;4268.59;4275.96;4267.81;1201;1165;;;;;;;;;;;;;;;;;;;;;;;;;;;;;
NANPIN;2026.09.25 01:50:40;c;sell;425;1;4271.85;4271.85;4272.41;56;;;;;;;;;;;;;;;;;4270.64;2026.09.25 01:41:01;579;1.5;121;164;2026.09.25 01:43:00;4272.28;4270.03;43;2026.09.25 01:50:00;40;;;;;;;;;;;;;;;;;
NANPIN;2026.09.25 01:54:13;b;sell;426;1;4272.39;4272.43;4272.98;55;;;;;;;;;;;;;;;;;4270.84;2026.09.25 01:45:01;552;1.5;155;162;2026.09.25 01:54:00;4272.46;4270.73;7;2026.09.25 01:54:00;13;;;;;;;;;;;;;;;;;
BASKET_CLOSE;2026.09.25 01:54:14;c;buy;427;;;;;;;;;;;;;;;;;;;;;;;;;;;;;;;;;;1;0.1;4271.74;4272.43;69;11;253;253;72;2026.09.25 01:54:00;14;95;;;;;
NANPIN;2026.09.25 01:55:52;a;sell;424;2;4273.09;4273.09;4273.65;56;;;;;;;;;;;;;;;;;4271.47;2026.09.25 01:47:02;530;1.533;162;162;2026.09.25 01:55:00;4273.09;4270.73;0;2026.09.25 01:55:00;52;;;;;;;;;;;;;;;;;
ENTRY;2026.09.25 01:55:53;a;buy;428;0;4273.61;4273.05;4273.61;56;182;233;206;191;4270.91;4272.46;4270.91;4271.95;4272.46;4270.79;4272.46;4268.59;4275.96;4267.81;1493;1518;;;;;;;;;;;;;;;;;;;;;;;;;;;;;
BASKET_CLOSE;2026.09.25 01:55:54;a;buy;421;;;;;;;;;;;;;;;;;;;;;;;;;;;;;;;;;;2;0.25;4271.71;4273.085;137.5;54;1019;1494;138;2026.09.25 01:55:00;54;312;2026.09.25 01:55:00;-12;;;
BASKET_CLOSE;2026.09.25 01:56:00;b;buy;423;;;;;;;;;;;;;;;;;;;;;;;;;;;;;;;;;;2;0.25;4271.822;;;;897;1318;;;;;;;;;close_not_logged
BASKET_CLOSE;2026.09.25 01:56:42;a;buy;428;;;;;;;;;;;;;;;;;;;;;;;;;;;;;;;;;;1;0.1;4273.61;4274.15;54;9;49;49;80;2026.09.25 01:56:00;42;202;;;;;
ENTRY;2026.09.25 02:00:01;a;buy;429;0;4273.03;4272.59;4273.14;55;-42;153;220;187;4272.41;4272.71;4272.08;4272.4;4274.41;4271.59;4274.41;4270.73;4275.96;4267.81;248;199;;;;;;;;;;;;;;;;;;;;;;;;;;;;;
NANPIN;2026.09.25 02:00:03;c;sell;425;2;4273.22;4273.25;4273.8;55;;;;;;;;;;;;;;;;;4271.85;2026.09.25 01:50:40;563;1.533;137;256;2026.09.25 01:56:00;4274.41;4270.79;119;2026.09.25 01:57:40;143;;;;;;;;;;;;;;;;;
BASKET_CLOSE;2026.09.25 02:00:20;a;buy;429;;;;;;;;;;;;;;;;;;;;;;;;;;;;;;;;;;1;0.1;4273.03;4274.05;102;16;19;19;102;2026.09.25 02:00:00;20;60;2026.09.25 02:00:00;-60;;;
NANPIN;2026.09.25 02:03:06;b;sell;426;2;4274.05;4274.05;4274.59;54;;;;;;;;;;;;;;;;;4272.39;2026.09.25 01:54:13;533;1.533;166;278;2026.09.25 02:03:00;4275.17;4270.91;112;2026.09.25 02:03:00;6;;;;;;;;;;;;;;;;;
NANPIN;2026.09.25 02:03:41;a;sell;424;3;4274.31;4274.42;4274.97;55;;;;;;;;;;;;;;;;;4273.09;2026.09.25 01:55:52;469;1.478;122;208;2026.09.25 02:03:00;4275.17;4271.59;86;2026.09.25 02:03:00;41;;;;;;;;;;;;;;;;;
ENTRY;2026.09.25 02:11:00;b;buy;430;0;4273.29;4272.74;4273.29;55;77;-43;155;202;4273.39;4273.39;4272.13;4272.71;4274.96;4271.85;4275.17;4271.85;4275.17;4267.81;2218;900;;;;;;;;;;;;;;;;;;;;;;;;;;;;;
BASKET_CLOSE;2026.09.25 02:11:21;b;buy;430;;;;;;;;;;;;;;;;;;;;;;;;;;;;;;;;;;1;0.1;4273.29;4274.02;73;12;21;21;79;2026.09.25 02:11:00;21;83;;;;;
NANPIN;2026.09.25 02:14:20;c;sell;425;3;4274.52;4274.5;4275.06;56;;;;;;;;;;;;;;;;;4273.22;2026.09.25 02:00:03;857;1.478;130;195;2026.09.25 02:03:00;4275.17;4271.85;65;2026.09.25 02:14:00;20;;;;;;;;;;;;;;;;;
ENTRY;2026.09.25 02:15:02;a;buy;431;0;4273.55;4273;4273.55;55;-24;-86;38;60;4273.45;4274.54;4272.69;4273.12;4274.54;4272.13;4275.17;4271.85;4275.17;4267.81;901;882;;;;;;;;;;;;;;;;;;;;;;;;;;;;;
BASKET_CLOSE;2026.09.25 02:18:01;c;sell;425;;;;;;;;;;;;;;;;;;;;;;;;;;;;;;;;;;4;0.82;4273.194;4272.442;75.1;110;221;2220;137.4;2026.09.25 02:17:00;61;190.6;2026.09.25 02:17:00;-71.6;;;
BASKET_CLOSE;2026.09.25 02:18:03;a;sell;424;;;;;;;;;;;;;;;;;;;;;;;;;;;;;;;;;;4;0.82;4272.88;4272.868;1.2;2;862;2282;107;2026.09.25 02:17:00;63;284;2026.09.25 02:17:00;-102;;;
BASKET_CLOSE;2026.09.25 02:18:05;b;sell;426;;;;;;;;;;;;;;;;;;;;;;;;;;;;;;;;;;3;0.48;4272.862;4272.87;-0.7;0;899;1984;106.2;2026.09.25 02:17:00;65;284.7;2026.09.25 02:17:00;-102.8;;;
BASKET_CLOSE;2026.09.25 02:19:26;a;buy;431;;;;;;;;;;;;;;;;;;;;;;;;;;;;;;;;;;1;0.1;4273.55;4274.26;71;11;264;264;127;2026.09.25 02:19:00;26;229;2026.09.25 02:19:00;-78;;;
ENTRY;2026.09.25 02:20:01;b;buy;432;0;4273.72;4273.16;4273.72;56;85;-27;-1;76;4273.23;4274.82;4272.77;4273.17;4274.82;4271.26;4274.96;4271.26;4275.17;4267.81;541;520;;;;;;;;;;;;;;;;;;;;;;;;;;;;;
ENTRY;2026.09.25 02:21:01;c;buy;433;0;4273.25;4272.69;4273.24;55;-62;-2;-20;29;4273.14;4274.21;4271.97;4272.73;4274.82;4271.26;4274.96;4271.26;4275.17;4267.81;1860;1607;;;;;;;;;;;;;;;;;;;;;;;;;;;;;
ENTRY;2026.09.25 02:22:01;b;sell;434;0;4272.84;4272.84;4273.39;55;-33;-40;-64;44;4272.7;4273.43;4272.33;4272.86;4274.82;4271.26;4274.82;4271.26;4275.17;4267.81;2220;236;;;;;;;;;;;;;;;;;;;;;;;;;;;;;
ENTRY;2026.09.25 02:24:02;c;sell;435;0;4272.62;4272.62;4273.17;55;-24;-93;-124;22;4272.73;4273.26;4272.56;4272.58;4274.82;4271.97;4274.82;4271.26;4275.17;4268.59;2581;361;;;;;;;;;;;;;;;;;;;;;;;;;;;;;
BASKET_CLOSE;2026.09.25 02:25:59;b;sell;434;;;;;;;;;;;;;;;;;;;;;;;;;;;;;;;;;;1;0.1;4272.84;4271.79;105;17;238;238;105;2026.09.25 02:25:00;59;97;2026.09.25 02:25:00;-55;;;
BASKET_CLOSE;2026.09.25 02:26:01;c;sell;435;;;;;;;;;;;;;;;;;;;;;;;;;;;;;;;;;;1;0.1;4272.62;4271.79;83;13;119;119;83;2026.09.25 02:25:00;61;102;;;;;
NANPIN;2026.09.25 02:27:02;b;buy;432;1;4272.51;4271.97;4272.51;54;;;;;;;;;;;;;;;;;4273.72;2026.09.25 02:20:01;421;1.5;121;192;2026.09.25 02:25:00;4274.21;4271.24;71;2026.09.25 02:27:01;1;;;;;;;;;;;;;;;;;
ENTRY;2026.09.25 02:30:00;a;sell;436;0;4271.61;4271.61;4272.17;56;-76;-156;-110;-151;4272.1;4272.29;4271.51;4271.63;4272.84;4271.24;4274.82;4271.24;4275.17;4268.59;2999;717;;;;;;;;;;;;;;;;;;;;;;;;;;;;;
NANPIN;2026.09.25 02:30:15;c;buy;433;1;4272.02;4271.46;4272.02;56;;;;;;;;;;;;;;;;;4273.25;2026.09.25 02:21:01;554;1.5;123;205;2026.09.25 02:30:00;4273.43;4270.65;82;2026.09.25 02:29:00;75;;;;;;;;;;;;;;;;;
ENTRY;2026.09.25 02:31:02;b;sell;437;0;4272.1;4272.1;4272.64;54;-11;-63;-114;-102;4271.73;4272.12;4270.65;4272.07;4272.41;4270.65;4274.82;4270.65;4275.17;4268.59;541;303;;;;;;;;;;;;;;;;;;;;;;;;;;;;;
BASKET_CLOSE;2026.09.25 02:32:02;c;buy;433;;;;;;;;;;;;;;;;;;;;;;;;;;;;;;;;;;2;0.25;4272.512;4273.11;59.8;24;107;661;109.8;2026.09.25 02:31:00;62;186.2;2026.09.25 02:31:00;-116.2;;;
NANPIN;2026.09.25 02:37:02;a;sell;436;1;4273.15;4272.89;4273.44;55;;;;;;;;;;;;;;;;;4271.61;2026.09.25 02:30:00;422;1.5;154;227;2026.09.25 02:33:00;4273.88;4270.65;73;2026.09.25 02:37:00;2;;;;;;;;;;;;;;;;;
ENTRY;2026.09.25 02:37:03;c;buy;438;0;4273.44;4272.88;4273.43;55;64;96;57;-24;4272.77;4273.4;4272.57;4273.09;4273.88;4272.02;4273.88;4270.65;4275.17;4268.59;962;301;;;;;;;;;;;;;;;;;;;;;;;;;;;;;
NANPIN;2026.09.25 02:38:05;b;sell;437;1;4273.39;4273.39;4273.92;53;;;;;;;;;;;;;;;;;4272.1;2026.09.25 02:31:02;423;1.5;129;224;2026.09.25 02:38:00;4274.34;4271.35;95;2026.09.25 02:38:02;3;;;;;;;;;;;;;;;;;
BASKET_CLOSE;2026.09.25 02:38:59;b;buy;432;;;;;;;;;;;;;;;;;;;;;;;;;;;;;;;;;;2;0.25;4272.994;4274.285;129.1;52;717;1138;134.6;2026.09.25 02:38:00;59;234.4;2026.09.25 02:38:00;-5.4;;;
BASKET_CLOSE;2026.09.25 02:39:00;c;buy;438;;;;;;;;;;;;;;;;;;;;;;;;;;;;;;;;;;1;0.1;4273.44;4274.23;79;13;117;117;222;2026.09.25 02:39:00;0;106;2026.09.25 02:39:00;65;;;
ENTRY;2026.09.25 02:40:02;a;buy;439;0;4274.78;4274.22;4274.79;57;69;259;149;110;4274.18;4275.66;4274.09;4274.23;4275.66;4272.12;4275.66;4270.65;4275.66;4268.59;1500;1236;;;;;;;;;;;;;;;;;;;;;;;;;;;;;
ENTRY;2026.09.25 02:45:01;b;buy;440;0;4274.77;4274.2;4274.76;56;100;196;289;257;4273.81;4274.22;4273.37;4274.22;4274.6;4273.15;4275.66;4270.65;4275.66;4270.65;1500;362;;;;;;;;;;;;;;;;;;;;;;;;;;;;;
NANPIN;2026.09.25 02:47:13;a;buy;439;1;4273.55;4273.01;4273.57;56;;;;;;;;;;;;;;;;;4274.78;2026.09.25 02:40:02;431;1.5;123;175;2026.09.25 02:46:00;4274.6;4272.46;52;2026.09.25 02:47:02;11;;;;;;;;;;;;;;;;;
ENTRY;2026.09.25 02:50:01;c;sell;441;0;4271.31;4271.31;4271.86;55;-222;-292;-76;-32;4272.4;4272.51;4271.12;4271.32;4274.21;4271.12;4275.66;4271.12;4275.66;4270.65;1559;1440;;;;;;;;;;;;;;;;;;;;;;;;;;;;;
BASKET_CLOSE;2026.09.25 02:50:07;b;sell;437;;;;;;;;;;;;;;;;;;;;;;;;;;;;;;;;;;2;0.25;4272.874;4271.55;132.4;53;722;1145;254.4;2026.09.25 02:50:00;7;331.6;2026.09.25 02:49:00;-16.6;;;
ENTRY;2026.09.25 02:50:18;a;sell;442;0;4270.17;4270.17;4270.72;55;-336;-406;-190;-146;4272.4;4272.51;4271.12;4271.32;4274.21;4271.12;4275.66;4271.12;4275.66;4270.65;1218;1935;;;;;;;;;;;;;;;;;;;;;;;;;;;;;
BASKET_CLOSE;2026.09.25 02:50:19;a;sell;436;;;;;;;;;;;;;;;;;;;;;;;;;;;;;;;;;;2;0.25;4272.534;4270.74;179.4;71;797;1219;218.4;2026.09.25 02:50:00;19;367.6;2026.09.25 02:50:00;55.4;;;
BASKET_CLOSE;2026.09.25 02:50:20;c;sell;441;;;;;;;;;;;;;;;;;;;;;;;;;;;;;;;;;;1;0.1;4271.31;4270.61;70;11;19;19;96;2026.09.25 02:50:00;20;67;;;;;
NANPIN;2026.09.25 02:52:02;b;buy;440;1;4270.03;4269.47;4270.03;56;;;;;;;;;;;;;;;;;4274.77;2026.09.25 02:45:01;421;1.5;474;501;2026.09.25 02:52:00;4274.21;4269.2;27;2026.09.25 02:52:01;1;;;;;;;;;;;;;;;;;
BASKET_CLOSE;2026.09.25 02:53:47;a;sell;442;;;;;;;;;;;;;;;;;;;;;;;;;;;;;;;;;;1;0.1;4270.17;4269.5;67;11;209;209;69;2026.09.25 02:53:00;47;181;;;;;
ENTRY;2026.09.25 03:00:04;a;sell;443;0;4264.93;4264.75;4265.3;55;-140;-657;-914;-947;4265.14;4265.63;4264.65;4264.83;4267.75;4264.65;4274.21;4264.65;4275.66;4264.65;586;377;;;;;;;;;;;;;;;;;;;;;;;;;;;;;
NANPIN;2026.09.25 03:01:02;a;buy;439;2;4267.22;4266.65;4267.2;55;;;;;;;;;;;;;;;;;4273.55;2026.09.25 02:47:13;829;1.533;633;890;2026.09.25 03:00:00;4273.63;4264.09;257;2026.09.25 02:54:13;409;;;;;;;;;;;;;;;;;
NANPIN;2026.09.25 03:01:03;b;buy;440;2;4267.32;4266.78;4267.32;54;;;;;;;;;;;;;;;;;4270.03;2026.09.25 02:52:02;541;1.533;271;538;2026.09.25 03:00:00;4270.49;4264.09;267;2026.09.25 02:59:02;121;;;;;;;;;;;;;;;;;
ENTRY;2026.09.25 03:07:00;b;sell;444;0;4267.88;4267.77;4268.32;55;-181;170;-576;-645;4269.35;4269.36;4267.87;4267.98;4270.12;4267.54;4270.49;4264.09;4275.66;4264.09;2158;1013;;;;;;;;;;;;;;;;;;;;;;;;;;;;;
NANPIN;2026.09.25 03:07:05;a;sell;443;1;4267.38;4267.38;4267.93;55;;;;;;;;;;;;;;;;;4264.93;2026.09.25 03:00:04;421;1.5;245;519;2026.09.25 03:04:00;4270.12;4264.09;274;2026.09.25 03:07:04;1;;;;;;;;;;;;;;;;;
ENTRY;2026.09.25 03:08:01;c;buy;445;0;4268.28;4267.72;4268.27;55;-138;157;-466;-650;4267.87;4268.18;4267.04;4267.84;4270.12;4267.04;4270.49;4264.09;4275.66;4264.09;1858;1741;;;;;;;;;;;;;;;;;;;;;;;;;;;;;
BASKET_CLOSE;2026.09.25 03:09:30;c;buy;445;;;;;;;;;;;;;;;;;;;;;;;;;;;;;;;;;;1;0.1;4268.28;4269.22;94;15;89;89;122;2026.09.25 03:09:00;30;136;2026.09.25 03:09:00;18;;;
BASKET_CLOSE;2026.09.25 03:12:08;b;sell;444;;;;;;;;;;;;;;;;;;;;;;;;;;;;;;;;;;1;0.1;4267.88;4267.08;80;13;308;308;161;2026.09.25 03:12:00;8;217;2026.09.25 03:12:00;27;;;
NANPIN;2026.09.25 03:13:04;a;buy;439;3;4266.15;4265.57;4266.13;56;;;;;;;;;;;;;;;;;4267.22;2026.09.25 03:01:02;722;1.478;107;121;2026.09.25 03:13:00;4270.12;4265.46;14;2026.09.25 03:13:00;4;;;;;;;;;;;;;;;;;
NANPIN;2026.09.25 03:13:10;b;buy;440;3;4266.07;4265.6;4266.16;56;;;;;;;;;;;;;;;;;4267.32;2026.09.25 03:01:03;727;1.478;125;132;2026.09.25 03:13:00;4270.12;4265.46;7;2026.09.25 03:13:00;10;;;;;;;;;;;;;;;;;
ENTRY;2026.09.25 03:15:01;c;sell;446;0;4266.17;4265.88;4266.44;56;1;-370;-41;105;4267.32;4267.38;4265.75;4266.12;4269.2;4265.46;4270.12;4264.09;4275.66;4264.09;1500;1481;;;;;;;;;;;;;;;;;;;;;;;;;;;;;
BASKET_CLOSE;2026.09.25 03:15:06;c;sell;446;;;;;;;;;;;;;;;;;;;;;;;;;;;;;;;;;;1;0.1;4266.17;4265.61;56;9;5;5;108;2026.09.25 03:15:00;6;72;2026.09.25 03:15:00;-72;;;
BASKET_CLOSE;2026.09.25 03:15:11;a;sell;443;;;;;;;;;;;;;;;;;;;;;;;;;;;;;;;;;;2;0.25;4266.4;4265.1;130;54;486;907;132;2026.09.25 03:15:00;11;365;2026.09.25 03:15:00;-48;;;close_missing
ENTRY;2026.09.25 03:21:01;b;sell;447;0;4266.68;4266.74;4267.29;55;-61;-169;-166;191;4267.32;4267.78;4266.07;4266.6;4268.37;4265.92;4269.5;4264.53;4275.66;4264.09;841;533;;;;;;;;;;;;;;;;;;;;;;;;;;;;;
ENTRY;2026.09.25 03:23:04;b;buy;448;0;4270.33;4269.78;4270.33;55;318;391;120;495;4266.38;4269.4;4266.24;4269.38;4269.4;4266.07;4269.5;4264.53;4275.66;4264.09;2283;2645;;;;;;;;;;;;;;;;;;;;;;;;;;;;;
BASKET_CLOSE;2026.09.25 03:23:05;b;buy;440;;;;;;;;;;;;;;;;;;;;;;;;;;;;;;;;;;4;0.82;4268.206;4269.56;135.4;171;595;2284;205.4;2026.09.25 03:23:00;5;367.6;2026.09.25 03:22:00;-196.6;;;
ENTRY;2026.09.25 03:23:19;a;buy;449;0;4270.52;4270.01;4270.55;54;341;414;143;518;4266.38;4269.4;4266.24;4269.38;4269.4;4266.07;4269.5;4264.53;4275.66;4264.09;2597;3833;;;;;;;;;;;;;;;;;;;;;;;;;;;;;
BASKET_CLOSE;2026.09.25 03:23:20;a;buy;439;;;;;;;;;;;;;;;;;;;;;;;;;;;;;;;;;;4;0.82;4268.856;4270.118;126.1;170;616;2598;140.4;2026.09.25 03:23:00;20;432.6;2026.09.25 03:23:00;53.4;;;
ENTRY;2026.09.25 03:25:00;c;buy;450;0;4269.81;4269.27;4269.81;54;-11;315;17;444;4269.62;4270.05;4269.1;4269.28;4270.26;4266.07;4270.26;4264.53;4275.66;4264.09;1019;930;;;;;;;;;;;;;;;;;;;;;;;;;;;;;
NANPIN;2026.09.25 03:28:01;b;sell;447;1;4269.53;4269.53;4270.09;56;;;;;;;;;;;;;;;;;4266.68;2026.09.25 03:21:01;420;1.5;285;368;2026.09.25 03:27:00;4270.36;4266.24;83;2026.09.25 03:28:01;0;;;;;;;;;;;;;;;;;
NANPIN;2026.09.25 03:30:21;a;buy;449;1;4268.97;4268.09;4268.65;56;;;;;;;;;;;;;;;;;4270.52;2026.09.25 03:23:19;422;1.5;155;189;2026.09.25 03:30:00;4270.36;4268.09;34;2026.09.25 03:30:19;2;;;;;;;;;;;;;;;;;
NANPIN;2026.09.25 03:30:22;b;buy;448;1;4268.7;4268.43;4268.99;56;;;;;;;;;;;;;;;;;4270.33;2026.09.25 03:23:04;438;1.5;163;169;2026.09.25 03:30:00;4270.36;4268.09;6;2026.09.25 03:30:04;18;;;;;;;;;;;;;;;;;
NANPIN;2026.09.25 03:32:02;c;buy;450;1;4268.61;4268.11;4268.66;55;;;;;;;;;;;;;;;;;4269.81;2026.09.25 03:25:00;422;1.5;120;235;2026.09.25 03:31:00;4270.36;4266.92;115;2026.09.25 03:32:00;2;;;;;;;;;;;;;;;;;
BASKET_CLOSE;2026.09.25 03:33:09;c;buy;450;;;;;;;;;;;;;;;;;;;;;;;;;;;;;;;;;;2;0.25;4269.09;4269.65;56;22;67;489;115;2026.09.25 03:33:00;9;190;2026.09.25 03:33:00;-1;;;
BASKET_CLOSE;2026.09.25 03:35:21;b;buy;448;;;;;;;;;;;;;;;;;;;;;;;;;;;;;;;;;;2;0.25;4269.352;4269.89;53.8;21;299;737;118.8;2026.09.25 03:35:00;21;243.2;2026.09.25 03:35:00;28.8;;;
ENTRY;2026.09.25 03:37:01;c;sell;451;0;4269.86;4269.96;4270.52;56;34;6;243;384;4270;4270.17;4268.92;4269.56;4270.54;4267.19;4270.54;4266.24;4275.66;4264.09;1320;1315;;;;;;;;;;;;;;;;;;;;;;;;;;;;;
NANPIN;2026.09.25 03:40:15;b;sell;447;2;4270.79;4270.79;4271.35;56;;;;;;;;;;;;;;;;;4269.53;2026.09.25 03:28:01;734;1.533;126;284;2026.09.25 03:40:00;4272.37;4266.92;158;2026.09.25 03:40:00;15;;;;;;;;;;;;;;;;;
ENTRY;2026.09.25 03:40:30;a;buy;452;0;4271.53;4270.95;4271.51;56;138;74;435;483;4268.97;4269.83;4268.8;4269.62;4270.54;4268.8;4270.54;4266.92;4274.6;4264.09;1031;1030;;;;;;;;;;;;;;;;;;;;;;;;;;;;;
BASKET_CLOSE;2026.09.25 03:40:31;a;buy;449;;;;;;;;;;;;;;;;;;;;;;;;;;;;;;;;;;2;0.25;4269.59;4270.97;138;55;610;1032;278;2026.09.25 03:40:00;31;267;2026.09.25 03:40:00;-17;;;
BASKET_CLOSE;2026.09.25 03:40:52;a;buy;452;;;;;;;;;;;;;;;;;;;;;;;;;;;;;;;;;;1;0.1;4271.53;4272.01;48;8;22;22;84;2026.09.25 03:40:00;52;211;;;;;
ENTRY;2026.09.25 03:41:01;c;buy;453;0;4271.88;4271.31;4271.87;56;238;286;490;519;4269.63;4272.37;4269.42;4271.41;4272.37;4268.8;4272.37;4266.92;4274.26;4264.09;961;472;;;;;;;;;;;;;;;;;;;;;;;;;;;;;
ENTRY;2026.09.25 03:41:01;b;buy;454;0;4271.87;4271.38;4271.94;56;245;293;497;526;4269.63;4272.37;4269.42;4271.41;4272.37;4268.8;4272.37;4266.92;4274.26;4264.09;1077;340;;;;;;;;;;;;;;;;;;;;;;;;;;;;;
NANPIN;2026.09.25 03:44:01;c;sell;451;1;4271.22;4271.22;4271.78;56;;;;;;;;;;;;;;;;;4269.86;2026.09.25 03:37:01;420;1.5;136;251;2026.09.25 03:40:00;4272.37;4268.8;115;2026.09.25 03:44:01;0;;;;;;;;;;;;;;;;;
ENTRY;2026.09.25 03:45:01;a;buy;455;0;4271.67;4271.11;4271.67;56;-53;149;122;90;4271.21;4271.5;4270.73;4271.22;4272.37;4269.42;4272.37;4266.92;4274.21;4264.09;271;249;;;;;;;;;;;;;;;;;;;;;;;;;;;;;
OPEN_STATUS;2026.09.25 03:45:01;b;sell;447;;;;;;;;;;;;;;;;;;;;;;4270.79;2026.09.25 03:40:15;286;;31;158;2026.09.25 03:40:00;4272.37;4269.42;;;;3;0.48;4269.54;;;;;1440;-44;;;339;;;4271.1;-212;
OPEN_STATUS;2026.09.25 03:45:01;c;sell;451;;;;;;;;;;;;;;;;;;;;;;4271.22;2026.09.25 03:44:01;60;;-12;64;2026.09.25 03:45:00;4271.86;4270.7;;;;2;0.25;4270.676;;;;;480;-58.4;;;174.4;;;4271.1;-98.4;
OPEN_STATUS;2026.09.25 03:45:01;c;buy;453;;;;;;;;;;;;;;;;;;;;;;4271.88;2026.09.25 03:41:01;240;;22;83;2026.09.25 03:42:00;4272.19;4270.49;;;;1;0.1;4271.88;;;;;240;31;;;139;;;4271.1;-78;
OPEN_STATUS;2026.09.25 03:45:01;b;buy;454;;;;;;;;;;;;;;;;;;;;;;4271.87;2026.09.25 03:41:01;240;;21;82;2026.09.25 03:42:00;4272.19;4270.49;;;;1;0.1;4271.87;;;;;240;32;;;138;;;4271.1;-77;
OPEN_STATUS;2026.09.25 03:45:01;a;buy;455;;;;;;;;;;;;;;;;;;;;;;4271.67;2026.09.25 03:45:01;0;;1;41;2026.09.25 03:45:00;4271.86;4270.7;;;;1;0.1;4271.67;;;;;0;19;;;97;;;4271.1;-57;
